tx_hash,source
0x0028969c5085cc0f9d2ca1d20072845f819810430c842937336afe7be0b9aa1f,CreamY_pool
0x00768c01e4e76c11f04c45c96d405cc44c33009e7e7aded71b28232e6e681774,CreamY_pool
0x00de1beff6760b80a0f12d9d18dfcad2875c6f991251c45393177406b95a1156,CreamY_pool
0x00e73864ca788cccec2f958317882db986e4390398a6c4d5976a6a8f4d8af33c,CreamY_pool
0x01115c2d968dad52212b95c56ce2d58a86b25760bcd80f34efead5bc93049253,CreamY_pool
0x014aa63b4d4b69b837cd077e2dd50e0bc5d32c9c63634936d7327b9629e877b1,CreamY_pool
0x01c8a4b87dd66602c2d7dfddb5989036cd1ec8fd0c61ef0289777d11c0b2c640,CreamY_pool
0x022db69e87b8da296f56af5184c204056c0459498c267dc419a0113cd7b3f822,CreamY_pool
0x02a3495a8a7ed927ecbe5c53f3b536772831a006f1eed0d02c626db50f6c58fe,CreamY_pool
0x02bbf9d8da20f44da0da384791b797d7c84f56d621d502aa20a23eba1998607c,CreamY_pool
0x0304c868c9b842a803bcb915714739b7b31cf39bdfd4c5e193116a2646df742b,CreamY_pool
0x03aa6322a1eed0907af386bac3bf00949752a998787d10be4417981aa267451c,CreamY_pool
0x03eb8451b29a813055fe1f03d0b5b067c517521022a31757e1e82b671a117bd2,CreamY_pool
0x03f576df918c5a6616a057bef8e14b38c8ba5f0b6d6565329df44e9b85764337,CreamY_pool
0x0403cc6ec602b7318e10638c060af4f6e7e0658cb4b8c7f755f4ca5f194ea51f,CreamY_pool
0x048f89eb4672872622a95b8a5f62b137bbce27619d21b437b6116035e32fe654,CreamY_pool
0x05235ec0aacf370ddf368bbfbf5b3adedb4375f29b3c7b2ff5a60a3d6ee886b1,CreamY_pool
0x0568849c72bbd0764463affe2aeef033d19b400bcd32b0a860cfac4b7773c844,CreamY_pool
0x05abdf9bccad940c4c561be638c298ff2af49635c8e53e9b23c53124c201ac26,CreamY_pool
0x05cc92ba9db447ac0295dd3a7280d5df77624c8d2c3e8bd9306dec3e8b25e1f0,CreamY_pool
0x0668aa6dda02510f3954e4a7516e68ff0f17f411b0090c5df7346a07314f3d14,CreamY_pool
0x069d736216260a3c9e1fd0c9cefd983a84b6129e031fe8f2d2dd3899c37066a1,CreamY_pool
0x07930bcaebf34a85660b7437a73ef326afd019f69ab654b6fdc1827c13ba023e,CreamY_pool
0x07cf34c390af07f6cc769e0c4d0662233fef449f5d649b1b0b49821fad12eca3,CreamY_pool
0x07fc04d3c8e46a8bd3db41ce3b8498692cf6986fab44a867506965658d1c50a9,CreamY_pool
0x0867844e1b6dd5467047e8c7c1811b29b1633cbe73506b13d4432f5f5893caf2,CreamY_pool
0x08a3c64629f6f9b086c48652f72cde729aa2ea76b0f35119cc1e870ccbf098be,CreamY_pool
0x092db3d87d3e9bc448d3b340fd92be0b77fcf106a60e7c50cd7f8d8b62129cfc,CreamY_pool
0x09d0037646fad8579058555e05a6f25bbf922794718fde191253e94e9da4ae90,CreamY_pool
0x0a1f9a6e2ed03e912a17c7450759587b6f6e903864531386b5cd204257a6d759,CreamY_pool
0x0a6b3738a8dd5e133236e68e00240ad3e3dd319969ac536cd08ce1326e254c4b,CreamY_pool
0x0b693bd4091724271dc2ba190a71da729fa2dce66b1f72485166c45390be21f6,CreamY_pool
0x0b70ba19893689454a96a3475a8278fd9a9e68abafb06ea42bfb183d5080cf3a,CreamY_pool
0x0b8a6493f1c5e311b3a05b2160461b0db85124023d28410a41b9c6448ea0420c,CreamY_pool
0x0bb48b957bf43e15f5a61500116d3924eaf8b96a07fef8d7f6923842c826dfed,CreamY_pool
0x0c8dabb7927616802749c1f8e45415521c0fffe9c5a4e9efe020ec18e62dfd24,CreamY_pool
0x0c93f308cded9adfbacea2ac94a3ed1280a1e32b3b7e4ab7b87660812beca966,CreamY_pool
0x0d05053db2272f448d6a3f07e2c9a9aeb6c9820fe3a831f1d75586dddc607093,CreamY_pool
0x0d16d60588de9a5a0c7608a469bb99aa7209a890afe8c165598283ac6cf20f68,CreamY_pool
0x0d46d36fc25f110223346f1e3aa85db8d5334d53439ddad7f52e8e2cb6cc1e44,CreamY_pool
0x0d74b118c2b079a4e220923e838d35bbe0e849c3e946d0436b0fc3f8b7459158,CreamY_pool
0x0d9e74589703c5d4407a102aa8d6a82b8b9c3249d9b44947c04746780ed617db,CreamY_pool
0x0ddaf7c6f4bff2c5bc0a857cca4086f0d8d5a2ca7832d5205ccdaa974dc9c1ea,CreamY_pool
0x0efd873ab5620d6684d6cfe3a7178bce5bc70e92c84853e08d199cd233f708d7,CreamY_pool
0x0f09ac0771a15e1678be8e7d561f7ef2b997af7e2ce830804bba6598502dc9dd,CreamY_pool
0x0f1246d38411aec6b14d9837360182ec54b88fd2d4fd47aa166b2b0c1dea5edb,CreamY_pool
0x0f31798241c4ae168e94142ad962912f099a10c36325f7f720ac5826c5432735,CreamY_pool
0x10d93f346df425aaa0101bd24f0e8194eebdb7eda26145befdc6fc3fa9f5c40d,CreamY_pool
0x10db698374839c0c33e52a2a2948ceb1ac6a4fc22cbc8e73b8e7e110ef86d9f4,CreamY_pool
0x10e9c4e2c69faba13eca1c52adbeccbafa0024cc77e3335a4414a123cbe195cc,CreamY_pool
0x11384715d1d0e46348101949e50b12faf2133ec65f75499d0442fe416bfc46bc,CreamY_pool
0x118e242eb0026d882eda9373a54cc199ab3a8e2ba14de692e230a54389f85ad8,CreamY_pool
0x1243f70b19f0500f1e34b234ff3747e1d52e1baf61862cdd920f30ecf01f74bb,CreamY_pool
0x126f0277caf097e8067ee885b3ca93b4a142b93c02ed4d1504ef7d12f3cff0bf,CreamY_pool
0x128ec241994a813394debd2eda49afa260374f0976dbc6d6cad7a61bd2a282f1,CreamY_pool
0x129e2366ece2e1444b1b4ea37036a8ddef8f47ffd85ae306dc5bc39894a098a3,CreamY_pool
0x12d69ef9dbc714de7ed5ff7ce60b8bd1fe3a8bb9a0652d245c7cefce95a88a26,CreamY_pool
0x131f8264a35a7b9a3e4a27f91427768677a7eb0fde6ec7fe1031ea0609fc74ea,CreamY_pool
0x13971ecd8de57be418dbe2ec8df6496b0205a86e221fc6305d3dec6d871d1c0f,CreamY_pool
0x13a8c26807f003aaa544c4abcafe3041f13d30bf9f4cf4d4945d5006fc1d60ec,CreamY_pool
0x13f96fac87d18229a1bc2cdcfd7d091bb4bcabc3c1edf9f54c4a866bfe3bcd06,CreamY_pool
0x140fb0c960ffa1d874f2ba5af6c6539d1f322f6063efd1e40f13c71878563c9a,CreamY_pool
0x149c248f4a3e2feca93d54b57ede2d54c103e9f18d4c8445e0953b2b00702f27,CreamY_pool
0x14db74370790568a81c846808541962efe0a9e88a6d1bc3e220c7f1e46d846d4,CreamY_pool
0x153ff8f52ffbc7b4dcc86bf494c72080d09c8bf9095ad498e29a94264eee5f47,CreamY_pool
0x15425ad05510b0d733b9c7d6cfad136f96ce68580a69dd656a2b5a34c4ac3909,CreamY_pool
0x156f9114d7fca82dc4d48fe2422435121719373517eb2580a55b167c2edbdda9,CreamY_pool
0x157d592f5991997c66c4e4b05c4f543099e060bd6d0bcdbe702499600a1814bb,CreamY_pool
0x15d36f8bce4ed8856494ffa2f8f6409a184d3480c7341a22d193065cc9e621d3,CreamY_pool
0x1616ce595220e820ecdb5dd685d96b72f7dcfc72ea60eb746c9ec3f4bc67a96a,CreamY_pool
0x1687b10e16edf7933b74481437c9eec8722293503a7a664f47fbbf0c41eb6a96,CreamY_pool
0x16919f0686545adf843c4ddab55505867d3edd6b9c250ef9d97335caaa117083,CreamY_pool
0x171f600faa705a480a1512cb275c0e075da13e03f667df85be4fb960cfc99fba,CreamY_pool
0x172541ed8b6653b18be7b5f0e2a9eb04b470fad9b337c307773cf67c56621d7c,CreamY_pool
0x1794e260a8741ffa16ab0e04f354c8d1bc4f431d5f63c2a851abbaa8e62e2dca,CreamY_pool
0x17de48b2de3cf31d023cc2665313832efbe0df103fe5c5aa948cc644ae0e9f15,CreamY_pool
0x187af764a5add8b42e3c5074b3547487fc9878e64f46fca68dfa2b6c3934f2ba,CreamY_pool
0x187e71702cc8c7634925a0ad59e191d988d7ddefb059117300cc70ceecc1cce8,CreamY_pool
0x18ac9ba92aef6ef9bc5095f21aaec667eb1421c7a54b1002a2fdb9bcbfb42d9b,CreamY_pool
0x18ed6a4e5159dde42a42bd8c20030b3a5710fd542629af1809ef22054774a891,CreamY_pool
0x1925e7d9cc9a48310454aff2ef08bdc106888fb5c85f25b629731409e9e32177,CreamY_pool
0x1949248e4b8d25a99922d2ad8f9c6d4774a68a7b378529394c35887071fd1ff3,CreamY_pool
0x1a2885055e32e6f639b42ca5c0d14f8fefa31e1bceb0b364749403f9f7385a78,CreamY_pool
0x1a5756d7574c01f959f378ac45dfcd78666b9bc8891d7a1258f2856a91f16804,CreamY_pool
0x1a92c862c00ce87fce76be5e3cf7d0bc17ad53720228feae9118d802be346a2d,CreamY_pool
0x1ab82a54500497eb85212dee0bd8857829690370029744fbb726417280359874,CreamY_pool
0x1ad2213e39572e2d13c70133e05c6097e2349a2020fe419d61716074b0b8b647,CreamY_pool
0x1bd81e750d05cc4e13a564c26e82e62c551ea8c908917e67fbf632eb1a4f5eb2,CreamY_pool
0x1bf4536dd4817cb6fda6b19d591e8b134cbaf030bacb58c0adbd436349776664,CreamY_pool
0x1bf698a3b0fc0b13b9cd85cea4c92e80fa842100f581314f1b7b344ccf300291,CreamY_pool
0x1c4fd14a97d99c74deeeadafb79e6286e40e16fd4ed3261731396e0e8a03bbd7,CreamY_pool
0x1c756d09f4ccc982f41cff2ae8936bddb9ff9a32e6d73cec5062b00e7c5ef148,CreamY_pool
0x1d9be04b7db71e84ffdf58854cf16ffb682fd9a756bf09d95613b5262253c61b,CreamY_pool
0x1da885ba2df1b5ebcfa7523bbacfa85975a9b6bfd9d6eb9ff838adb6b533e93c,CreamY_pool
0x1db210f99cab553cafe6f93a33ccc6be32606ec944e2630c2a38cb7d22574469,CreamY_pool
0x1dfe1a475882de17bff1837d3ca9157ce5ffaa79200c313d8f6a1a2dae303927,CreamY_pool
0x1e9085ab2dca5642ebb5dff67d4cb76b8578dae5fee7a7960119474c2c1234a1,CreamY_pool
0x1eb10b6146dd9a95f71153fb28fc21a0995821cf195967c41cde413b6118409a,CreamY_pool
0x1f1873e93f496d988054eb181e6d8a794f6845b0a6d77c736103e4849b708b05,CreamY_pool
0x1f21fa3fff6eb0d71c750690bb7f778f4f2485ba35859c321970394f75db83a2,CreamY_pool
0x1f869a3bb60d7dc30df19620caea23dbe88e8d8b849a7a8cd0ab399856ddbd0c,CreamY_pool
0x20cbb01a5d247774d24ef9001fe8a520399dce05d94e48e7e5a06bf8b7fbb71f,CreamY_pool
0x20f720b2af8ba04006f9d2c5b896415961b62b39427e628b0c279a9691e6cea5,CreamY_pool
0x21207277a7dc9aa352c496872b39510f51c01acc6eff77a8669b16c67765bb54,CreamY_pool
0x218ba92999128bee6fca26915410994b840e32932069bff7cc00139dd62fa78a,CreamY_pool
0x21a277ac7c418e28f56eecef631bc32b397883b321b24f6f58b5a3379467fe8e,CreamY_pool
0x21cb45d21414049fbd422a74dfe93c9d7d0f2a194078816a8e9af2db21964c31,CreamY_pool
0x21d16734effc6ee645a75d35dad6a2ea6ccfb16702bc9441c7eb69d6d0608336,CreamY_pool
0x21d93d36c8a0d01c2d34fa2ac2c566f791e5a5361864fa4e1e10af8b766f931a,CreamY_pool
0x2344ebf831c12afdcf6f324042a71bf7d3d6bd22428849969975ccb6677a52c0,CreamY_pool
0x2350c3bb8146e8c7c62662ca11db74fcf1ccd7da93fa996801cef30f659a9c83,CreamY_pool
0x236da5161809d4bece6f0079ca46ed088cc7bab66215397772c108f15bf2cb8c,CreamY_pool
0x237b7f20d64eef8eb0b37f94420c586c5d170793fc2d2e672dda5ac36f6a2584,CreamY_pool
0x23a7cf5ef33289f48f297160bcdd1b7be81b77175a3c1e8dd006886a8badd52a,CreamY_pool
0x23f99f61a5ebaf19771b720c3d5c23b2027cd5658fe087c33ae54f3689239f35,CreamY_pool
0x24195b2eb027afdbd53dba95d4698dae4dffd311f2bd9f892e6089a59e1bdc8f,CreamY_pool
0x246ab0b267047d8673958cb134b57698fadcdba90f23b5e587fc5f7d59ee1ada,CreamY_pool
0x24eb631a7338eedd77112cbcb7d78019d500e8b04cbc74201dd3e1de354ea281,CreamY_pool
0x250bd8efda8cd44d2ad6a3ddcf98d1876c42c34052524fea28c409b638b246ab,CreamY_pool
0x253a598c2b586ef64bba899beeacb963a07c222300f43f6ae764eca6b0a5e604,CreamY_pool
0x254666f76aa0020758fea6fa103028cf404f4888f8630118bb2aaaede87156ed,CreamY_pool
0x25b1c9b740b65d5727afed1585da634265a294b0c233d80d372826610711254a,CreamY_pool
0x25bb0de47898a9569cee68aa59b9dcdc42db4e2afb3bc7d5cd2c68799c9c4445,CreamY_pool
0x262b5c49cd19a793d4fad33fba321c897bceb2816630b46a3ed411e2d67835d2,CreamY_pool
0x2664975710aff89847571a32d3bad3412af9543db81a0c8ec4b8267113990b1e,CreamY_pool
0x2679a7f527afd39a28458f2206a3a9477ef60defe9107e262ff1fcf644e7d907,CreamY_pool
0x26c117370f15d0ea0c1f38bb7473b3b6a9bde8b2dfcf6864cef4035be2eb7c60,CreamY_pool
0x26df0d825d510f93a7079ff1fca8ea9fc72784a3aab75bfa1978afa36e982c1f,CreamY_pool
0x270757d3d92065f106b8bbcfe60f162c8fe9c4e5b700d5e68b1910ff7f9074fc,CreamY_pool
0x2743ea50017ad396cc71c4e2c8896a7a95a9acc2c6d9350eec70a661c96fba03,CreamY_pool
0x279a19808a46c214cede9a4a15a6533df1f923a0b1e0b13c34cb7cdc004e77f4,CreamY_pool
0x27d39fe5fa5d1b36eead1b610394a00cafb852946563bb5614c0fcda4e0f765a,CreamY_pool
0x27e959e73f25770bea322599e001622e77430003841d22fc38b318568fd4a654,CreamY_pool
0x27fae5d3bbb0ac029693e60d21cf83cfb6ae8409e07307fec912ecff8bd60b45,CreamY_pool
0x29967341eef6864693a7f8974d18a0c39fb4caebf05bbafe2898a05ddf668814,CreamY_pool
0x2a4742f4af780c16429d05143582e1a0e9b95cc99c1c4dcf462a6e71813d6d73,CreamY_pool
0x2a511ee20ff6ec3cfc70eb7f3f3f1fa5a65fcc75e36133c010f2eb70e01a0089,CreamY_pool
0x2a6edda420a0d8d33a026c0c6f72e7cd6f76dbb4e2dec0d2c9b656d0a0db5336,CreamY_pool
0x2af7dd251eb9e29ac790257eb64aced4c2cd98c3d7701b1beb6ebf84e299b93e,CreamY_pool
0x2b70b085d7b4a693700f0864ce91e4329de9684b3456622bcdb3a95ef431ad82,CreamY_pool
0x2bb260b47832f66500b575d2126942a2915de50ebfbb151208326a9d559a2eeb,CreamY_pool
0x2c0c438056d99b0da8180f5980826124c1efcf21f214cb06c1fa3774ddd61c2a,CreamY_pool
0x2c653a2fae8a6db0976d44373af23d4b062dfeba497effa97b2201eb0a49628b,CreamY_pool
0x2c93378328ead24713dc58c20f8991956cb888e6f2630b16df78ef41be66fb11,CreamY_pool
0x2ca25fdcb3efc27384af1c2f879ece35d41ff749a58de8a060924198ba70de2d,CreamY_pool
0x2cce2ff5e76a2657e9d7968c515c2384dd34f4f326e285affff17bd9c82ad7bd,CreamY_pool
0x2cf2769d1a9540d15bede710b6bba33df56e5f7c40b49f6b8f6955a29bcec486,CreamY_pool
0x2cfeb56f9ced89c35bdc3f2fd25fbcd2420523edc958f49264dde8b183580677,CreamY_pool
0x2d05530a3aae3765c2c9bf73b7e47b92b6e91f19685cc5581e2457b622100d43,CreamY_pool
0x2d8618fee181606becabef95f795763a90f46d31db1772f6fded78cce99a184a,CreamY_pool
0x2ee858d1112fc9334b21abe1045bb72c9e1ed69ea5b7b2a6c790c1de9fc52455,CreamY_pool
0x2efd240d08d5392f577408d36fe77a2323ff2e7ba4340d2e314125e83c6a76d3,CreamY_pool
0x2f3eddd35b74da17def27c971bdd7c4dfbfc4f0f34194c87fcadd3e674b31d95,CreamY_pool
0x2f48fb28decb1100c80b7d642f3b3f25ef3f95caaadda6869ce4f22b6e9155fc,CreamY_pool
0x2f4e032094b90161f5084845e123c2d4c562d29339d9714ab6fecd100bce7e40,CreamY_pool
0x2f9107aef9d10bb139dab15fd0bb40fac3af6aff52dba4dbed8a01366c55b454,CreamY_pool
0x2fa1ec3e0bc2b2c0b00fd76ac6a2972312a5af5a2e0bdf43147a3240d7a9bfbc,CreamY_pool
0x30152aaf35d77467f3af8e8798eccfa05ba77337f3a85b283cb6894ebbf69862,CreamY_pool
0x302c500dd8457b022c02fb50eca8a3b8cdf1d89929ff96b023892482e24f4089,CreamY_pool
0x315cd93a047f2cacdb0add61f1587b0ceab0437df2146bffa175377dd32231cc,CreamY_pool
0x31bb80daa96f876b86d44f4f6b897f05f998b9b927362fef0b9295e613d475e7,CreamY_pool
0x31f46c2c395c43e4ad02d3c749f481ba6813659adcb42c83d4325c9c405dd293,CreamY_pool
0x322e712e14372f1ca875b5f543be73244b8ec9bc429cd4772acd1b8286dc3401,CreamY_pool
0x323bcdfa7c35c84226f3565675395d08bacf121930d3d921ddcb26fe8a732b0f,CreamY_pool
0x328624ebff62a35a45645846a03c61702a946fe047c1ee4bd51f2a171a735709,CreamY_pool
0x32ab030cc870e7c78de1a1e4e0b8a8f6f212599b0a30b0344d59b68761ec4984,CreamY_pool
0x32e19d820b2a0a7509e9b723c8384fdfe16a0083e6351bc3229bc427d102b19d,CreamY_pool
0x33200055ab1499f13e04fdaa377e48a3b946de8b0292f3dc3b82ff07e9ad2875,CreamY_pool
0x33b370bbe5952208ca4e2b333e0f996d223b67319ffe36b0b326d544b22f9163,CreamY_pool
0x3459cc0a8c57ced738aa74419d0fc81a75c911f1031b7b83a9ede19fdbc76a51,CreamY_pool
0x3489af3469fb1cf7653be207f660037c6cb58c970175b92b99e556b5a409bf7d,CreamY_pool
0x34aadebe3c5ddb7dd37350842d507e6f5e8916e80b6cd4816c44dc446b44177b,CreamY_pool
0x359af415dbb0927820d74c70c348e46cee4bee5dc6edd8879408c52577aac03f,CreamY_pool
0x35f1d4c053831952f789706bceda685c1c55f9456de1de6f5ecacecc7bfbeaac,CreamY_pool
0x3622ff47abacb15b9e84e56d627fc1b5965f9275315c6d6db696705c24664140,CreamY_pool
0x36719601bdd6e8390f2fbfe5135cf639ea0403efc32cc90c0a4ee58a8d8c8145,CreamY_pool
0x367bb27e9bb4e12b31b5edb4f810800bf706574216aaa46d2368ce3c9ae5ade4,CreamY_pool
0x36c735def00aa0c4eaedc0d09fc65ba80fe60981d742e2097e5c71fae21c9c1b,CreamY_pool
0x36f81fc8a16f9d904007022a6e91dac1938ee0df218b5bcf4087268cca2e6b47,CreamY_pool
0x3713b04ed77b3cd0dd2c4a6334736b796248f8c2a72ee04a16c114cec03635a9,CreamY_pool
0x3729b7def38fe658ad78f964f911051a5e357e4f8cfc196a7a4185f619ac410c,CreamY_pool
0x386b8bfcea4cbd1162182e693403f9033b37b44fff0cd310c3f13889f6561fc8,CreamY_pool
0x38d4bc6335f7a10b6ca3b3a5cdacf828c51c42b5a08dbd279264cd7625242dd3,CreamY_pool
0x38df834addcd6a0e52b1c0bc5fb6c2efbf44f1ea75f0adc3ac88821d9b19766d,CreamY_pool
0x392a277d3ad239cb420b6187bcbd53f844551cb6cbde6b2a19633dd91f5f513d,CreamY_pool
0x39df4b83750d2aadcc8213696daa3fa1e9cb28b3e0e92f0ae67b77c7653cdc30,CreamY_pool
0x3a6db8a49080946c668e5b6e78bd070d8eb0b0877e8d1f70d6729843dd83822b,CreamY_pool
0x3aaa0d751138b7b0f7ec69ca8542c846c11acc430b6381d2d18c4a82ade0f6fe,CreamY_pool
0x3b2b20dd12b2074a4df3620695750653e6c9f7fa1b87d7c7f460c3f086cf3a44,CreamY_pool
0x3b7395e3251ade166f44101357aa716f4794d4154def0ef5f7c84bb0ee312f74,CreamY_pool
0x3cf251369d1acd9e6eea0c0fc6f4df353b45d8b668363eaeefb76f49417604ab,CreamY_pool
0x3d10bd4e93ae8a9ccd21ef8ad260f80f4ee7955466a9c48a43bda59027bf0fcb,CreamY_pool
0x3e2eaee25eb9c50cf4da6b3a3904debdc418f33f57741355a6fa66e419b92c09,CreamY_pool
0x3e3bacb39b162fc3e236d607395fa2304ece031644a36e9b0f05c3abc9d8eeec,CreamY_pool
0x3ebd29df4593b675b457715e241f5a178e6ede4f49dbc209ca9fcf4e0e29ee40,CreamY_pool
0x3f03954d17d939025ccb057d8b09a887e393e7d1936706d9899172ac5823569c,CreamY_pool
0x3f5059d3b49168c20846eeb4251031e27e6faccfc4c27cde8b1974eea74cc336,CreamY_pool
0x3f64909dad90fc618624ad415d5062af361921c9dfaf56fdd95c6288d752fc8a,CreamY_pool
0x3f87981943268ffa5e940f138b83b58de96095741c0779a35c508affa68f2bf6,CreamY_pool
0x3f9ffc3757d2cad93791d18def4fe81c162c4248c14d8e5fe193c86cc8e01468,CreamY_pool
0x3fcaa4a6280ee0e802e85bde8fe1893760c1b9f06aac91412d6c8b9f984571ce,CreamY_pool
0x41143d582c2a0b8073acea2ad8a228ef40671c45fd59122574017a0c522618c6,CreamY_pool
0x416a65703641f24fb563bc173289b6b4e9a19d43da2026b728adb01051b20d4d,CreamY_pool
0x4199441887533973c57e965dd9340b89309c2f3c6a08a13abd52d6dcfed8cf70,CreamY_pool
0x41ed3162ea9ede1bc326b501eeda233fc17be189a6f0d7e9f19b8d2c02aae2a0,CreamY_pool
0x42185ad0d38d1764181e7498a2136e543c340af8b58339102955376a983fc59f,CreamY_pool
0x42554ae45cede6bfdac61767434dd891493cdb20fc194fb64997c10e1bd35fc7,CreamY_pool
0x427972980c52a2070a2f784e0f5f081f344bdc84956c530d0aff098f3f126213,CreamY_pool
0x42f24c08fa29d8bc70fe27eb3433d6e4291e8185ca28bbc9b9cfbd61aed971ae,CreamY_pool
0x430ce230df36ff7e50d9e240c6e4d00b0d254e40a584d4370ec0a1a069422dc0,CreamY_pool
0x436bbe4db11a09f0a9a33a33e8dde2b47bb9f69c44206aff2ab2f0b57f7101f2,CreamY_pool
0x43d1e7436f2f7d3f43a4c7f293ac76c3cff7719f79b8da1f3e7e716f3c8200c7,CreamY_pool
0x43ff7069d66c981a2974f0f1deb35731f27b4d20a060592f212a2ab02ea1fb59,CreamY_pool
0x44a9892f2d88df8c374cd7562912c7e14bd3e20735e0559646f66490ba87bceb,CreamY_pool
0x451d3a0910e5f74c3fd838fb48170a32baf59e7f3e3b51f791217c1ffa92c3e9,CreamY_pool
0x452fad03b19fb7c8da02f58185b2c04557701ba0a4d7f7a6bcb6f82574c1ac14,CreamY_pool
0x45b18134913d8f2aa1caab72339d15f7e3c9bbf765968aaae80f1d7e8c192a7f,CreamY_pool
0x45c7209c737cb5f1027ab9e66441abada1d501cc6146c79f4673ad5cb3e75bde,CreamY_pool
0x45d33e1567abc258c26913072c4739dbd30796fd3b2d4e613011f982244064b8,CreamY_pool
0x45f9510b48cfd8f8986734e76fb8de5e356753cac17c3e69287ed82b2bd65d74,CreamY_pool
0x4606bc3c9e751ec711952c07a1ba82097908727c984c965fe7a816af20ca7976,CreamY_pool
0x4630694720ee04e4dc3fd938e4f56d0cfadbff2fa530e3252421d215106b01f7,CreamY_pool
0x464ad171eb8c4fd5a67ee1860963d5d92e0b5db4138caa7e82ac67e8be91ac5f,CreamY_pool
0x4675428f24559c0cb01ce936cbd333e0bcd83651d29a052425f561b23e98bd9d,CreamY_pool
0x4692c9fa900528a4a7b79b4b7f5051e96bc5561e26de051b5765731f03a79c29,CreamY_pool
0x46bdff22bb4c7ce1421c27d92a1d385f449f29864984825805f0cd4b6c24ecf4,CreamY_pool
0x46d1313ee3d77635bd2ff0fe5a07cc5dc35de3ffddfa155705d97dce0d5ebb27,CreamY_pool
0x473a0717d1dbf02d8f93d597d676cb6fe0c9583efa07ad90fd784f2d120640e6,CreamY_pool
0x477f41e350dce2337b6a6e8b95a354b6c2fe421c541bdcf3ed4208c14b1e5e46,CreamY_pool
0x47a3e1f557e7cff38b28e138a9f885018b24cf7557b8bbe3e31ad1eb30b04587,CreamY_pool
0x4820011c6363696f74ac97174c1843a6c662dbf083217eeef0d1ea79f13ad8ee,CreamY_pool
0x48785cd3515f8558109f78b7cfe86a21df5dc6a35238cd20c4aa04a7ed831199,CreamY_pool
0x48ef46d9fb2cd5e9ac1797ff87373b82884096aeda3a161af9664c3ab147a011,CreamY_pool
0x491c14cde6f51124b431daf72449ac99115cc86323495a7f109d9635ffdfc951,CreamY_pool
0x49a5c86c5ae7b85fccf372453cb6fb89d6e0c3195cb5f010b39f040f89d8030e,CreamY_pool
0x49add4679aac465d6a056c151f0e7270d310991fd0ec96aba3fd7411cb0380da,CreamY_pool
0x49fa86e2c4320ae8e4a5bf59fcc8b1916bbab6872e283324120d180b2d728b18,CreamY_pool
0x4a4198307999e052c796bd8597f75c6ef2fcf5bc39045be56ae0755bb7032960,CreamY_pool
0x4adf4f822489025fb18cfe1bcad3efa6f5fa1d77f1e71824fb266596bbf2bd2a,CreamY_pool
0x4baae0e4206437b7f1abc7877b38b2ab0e5f40e864234e986fec6d8e37644fca,CreamY_pool
0x4c23c91760e90e9e1b2a3111dc2f9c2214b1eae9195c821d19692df684adbb1d,CreamY_pool
0x4c2cb4ca7dbdf700c2589357fdb37eb515d186687fc83e32e0f5d9123c9d4c0d,CreamY_pool
0x4c934d23c730a0b6cd15fa0224611ec987c35c55e4c48b1e5a805efab5c1fc0a,CreamY_pool
0x4cc8e8d0acc375785bab32383037e5d824e275832f2cbe291bfd2949c3d0b6f2,CreamY_pool
0x4d70e6d102348ac8a50801f0a012f7ef0e1110e06bde5c2084473a2fea87ff05,CreamY_pool
0x4da4dbc5ada3f311340be52ffb70b165d68f4a0948cb32ea782b0463c7223277,CreamY_pool
0x4daaccf2160034a954166a4e1a1ac6dc5d7449a3c9377bbe47801d616f82a338,CreamY_pool
0x4e028344182d5c5710fd7ef78f97abe50dfba88762620674249e9814aa5ec001,CreamY_pool
0x4e71b4372e488a6b2f704b676992f6f58af13049d6a3229103ed848258f0e579,CreamY_pool
0x4ee00c37132f68e9998dc692629331dee8cdc92fc98deb46ead73c3882eb4485,CreamY_pool
0x4f570ef76054ca572f127d646637a8b2fccec8fd4ec6e5f7373a28a008c35386,CreamY_pool
0x4f6853f9d20f31962d7e2c4dc040e3e394a780bef5c3aa4c5a6261815fa42049,CreamY_pool
0x4fa0f1a1184be5590666bd7dd97c8043f64a4f199a0ff58253dfdf3fe4cc36a6,CreamY_pool
0x4fb83c9afe69e647edea08c9ed4acb3ef8cc4d61f415e88a0bee18e748a8ed45,CreamY_pool
0x4fee34d189ae9d3271c8fdad390773524b9493cb15885ba6e69437be77ecde91,CreamY_pool
0x505955f562c77e4654aec03ac1f17e9733258c2e95070575d8b3b8e7b8580434,CreamY_pool
0x50612a53ef76ba7132ef9afb783f7e7a36082be69799366988812842f4010e8b,CreamY_pool
0x509cfe2d867422337617ef42027eabb3574a86da5ae56dfe47942e5b7fbeac10,CreamY_pool
0x50bb17ef78703d82a994a0518c302c89cec7a7fdc6fe1ca5debea565a9e75a4f,CreamY_pool
0x516a24ebc17f7b0eb2afa0fd98f648e13449b45b182b6ce608e64c9661d4214b,CreamY_pool
0x51c465487ad2c9bb8dff04f23505cf67a4dbaf974ce08f03c96a298b774f19a6,CreamY_pool
0x5208e4d380638038a787f96d794570837fc1e7d4849e4770bfc01ab6a842b761,CreamY_pool
0x52527bb68720d49840a73eaf71cea98d4d86bc1cde67bd5f89291ed48624827c,CreamY_pool
0x526839ad171fc21bd27e31d89f93568e07cda67f93b043dd6fc0392ae49603ab,CreamY_pool
0x52a011b76bcdbcad0dd913d6bd572b36bdcd852a338ebee688ada42b2e45970f,CreamY_pool
0x537cda73e9e26cabea1c11af58257ba293a08e5805ce662b6736d1564b451c3b,CreamY_pool
0x538c0dbdaa2a436d785621f16d83d10a8f11889063ca1b2332b0aed53c0fd092,CreamY_pool
0x53d1989ff9b1985be0d04d1fca17917b3935b57639449df41fade7b090f00e58,CreamY_pool
0x54825cf620c2280e8b65e3f2baa84599ce0a0906a0bc1840f8c57d8a20da6758,CreamY_pool
0x54ddfee9f97db6c4b11e01b6f40e4ef7cd42c4cda14ab466b2a6c30f0a150b90,CreamY_pool
0x5568156aa4972360143bf3f3f3cc4e57263b0d60006d7ac18cd0a8536d28ba00,CreamY_pool
0x558e55a80e396374feb98c309bec285d416e668d105066fc2569ea6a5616c828,CreamY_pool
0x559b0f342153ae790a290cc51cc981cbeccb3aa542a313b37f23373a58717a7f,CreamY_pool
0x563cd56b74ebfe27a84cfababb4bd60ca275c372bf398d9f6f52fb65f77c7ace,CreamY_pool
0x565255b65355584fb522b383b1e5d9e6bd743674faf701280aa0344a8e03adae,CreamY_pool
0x5665e1159f2ade385a8e12c42b21077eb2a9859384ebac1926dbc19d462f211c,CreamY_pool
0x5736194d3da995435f6b364c06c53869f6fcfe5d38e9839b6fb0ad0b74ca7fbf,CreamY_pool
0x57d650aec8045a94db9664602c7f3974d18df682257a26157828e82f2f506e82,CreamY_pool
0x57fb93da36e28ce3ed0c3a79ec675a273bdb3f903e61d1d4be3038bc3c3d1d18,CreamY_pool
0x57ff1898413aad309d28c5704bddff19626518896d2653791ebe846553a2107e,CreamY_pool
0x580ea10923df55c8015d9f1cdb4a96da943e866a3991dbdafc02cb33942b28cd,CreamY_pool
0x581b2b0e0bf8ef4386f1ebec9980d925d908bb7da377227b351f75420d5f90b0,CreamY_pool
0x58a68a5e9370541c5fbe2a45fcf5f396a944c2622f373988f450507c9103057b,CreamY_pool
0x59095d95bd8ce3e9b833225653ef177225940b07f923e90baaeaafd1c834f3a0,CreamY_pool
0x594a13e9f7c487a57ff497fae1aa4b35f49c8dc44b66e3ab422aa63bc5cbb4a6,CreamY_pool
0x599471e134447d6f96973d7a21a47d4e7971e99d0f34cba7a7ba5a313d4f0bc1,CreamY_pool
0x59aee499ec55c1593a17d175e8ebf01c334c29ae82b3ec1a3f07e800d1fccf4b,CreamY_pool
0x5a136b888228b416c38a0ef5107c7b656ef56cadcb27a97659edb8f7e2787455,CreamY_pool
0x5af860bca412b4e7b6fc43f99df08d3e366d814f8e91eace5da1f63e66d9d033,CreamY_pool
0x5b60a5a5a24414ba2f1470a4b3f403f64c57f5e6d3eb26512de92a759a648326,CreamY_pool
0x5c23f3ff7beb4ae7890b868129928996758d76b737dd8f50aaf20265f83b3c45,CreamY_pool
0x5c45f5caf390aa12924d168ac194eecac826a278f1c67fea04abd9b82b553cd3,CreamY_pool
0x5c8bd7dd4b1b58625290a8a4dbe0e60c5c655634f7696bdc99606795b0b29ab8,CreamY_pool
0x5cc7211652dd1716868920bad6f65fddd9df9335bd991be0c4e4b509bfb4f726,CreamY_pool
0x5d4d05eb3f1fa115513abcdd75d18e5a5c244422be811343c5d5d1e748e8c77d,CreamY_pool
0x5d70c9ba186bc0868b9f12095e67f80545d48a3cd57bab49849174a48e45e130,CreamY_pool
0x5d9089daa4ecc89fc90f1b7d3a130bd616d0b07d53ad7f3986e08c8ab5599cb9,CreamY_pool
0x5de0d29415b28ebc93c8685c54c99f6a205f1b3d52ec9c987c8a1778a6cbec2d,CreamY_pool
0x5de76157fcd48b3300b6cc4b4fa56b7f31bf2b5b67771a07c7e8e37190619b63,CreamY_pool
0x5dec4d1cca4bd367a514b58202cc4bd01c4c47c4397f7b152a6e8397930f7f53,CreamY_pool
0x5ebaf38cfdbc774405ef972c7089bd9bfe3ae6e3724a81fced13cfbdf872e048,CreamY_pool
0x5f4d397d2b8aa0d1ae9ca01655c4651cd3695a909ae45888e3e2b0baf995d120,CreamY_pool
0x5f61b11f7791b09dae69a58a441ea806ff180dac31ddaee9d2bc22f1d18af570,CreamY_pool
0x5fb4b76f957cd1f4418fa3cbf1817345af3bb6e507735367ede775e2e40e3774,CreamY_pool
0x5fb5354ee8073ce59c5f17f5f47791168b0ff88fdbaa37e2670334c552d2ce24,CreamY_pool
0x5fba62b87f7aad70c8b133a80a2fcd4e843e0540791d90cd7844d29b7f583173,CreamY_pool
0x5fbd402bcf26069304a6f91719d980c5e1dd23b945f2d2eece025766dfd23105,CreamY_pool
0x5fe51e92b85b7058670028e691324038dba16836dff8ec9408e9a9555b0855f6,CreamY_pool
0x5ff1015745e63e840013f56814d3695f8e5dc5d9f96bc03814073127029ee808,CreamY_pool
0x602cc01fcab79a4975f17482142cc5894145a08872d06636089b4dae048e49da,CreamY_pool
0x6033bcb4ad7bd1b7613fb4fc02252d0f4efaf0870044108f314239011a16b84a,CreamY_pool
0x603a43c7ccb85597da320bfdff0f2bb76a0562be48bab59efb12624eab90ba63,CreamY_pool
0x60cce0344bcdfd7d92201673ee642e0fa5ecdab6a5f04c9b55ba2189354572ba,CreamY_pool
0x60de5d102c3b2d320082a46ed3292551c606133ed6f3203dc0fefd414849f287,CreamY_pool
0x6179f9980370850aab7c4c75cd8202f60456afd7eb5e6073b00bacc863194f8c,CreamY_pool
0x621e3561a8425cca34832644cfe77c9bac74de4b2d3233387c132e4073b29a92,CreamY_pool
0x621e72c2250a673f0e01e9f855d9b42797d36f1ba6608977614a11b4b484fce3,CreamY_pool
0x625efabaa60a919539a5f7035fc0ab11fccf6ae519fb0b0f80e140312e86d5f1,CreamY_pool
0x62c8de8f1cee13c3da62157a3fa31265d30b38a6b07e9b05f945aaa1f5a3aa5b,CreamY_pool
0x62c92b910a0c8c04ff0d48ee0a221f536c673504bcc8b0e502639b16c07f982d,CreamY_pool
0x632e615e8bb61912e41e78888461d0df2096bb99b299229b496eff38c8efb16e,CreamY_pool
0x633c9f0990e39fbb50aa9d99d27437562a6eb5f07f7d37584557f1b045994417,CreamY_pool
0x6359fa6a394269c4e265808a0f26344a2d9bacc75cfa697c4a0be13da2c17538,CreamY_pool
0x636510cd672399ee70ff6604e02e3233a48c7653d32b1924d3ef44123f4cc16a,CreamY_pool
0x640423abd512193304f3f0c152f5d35dce385012ef36fde62a43c88e86cfb277,CreamY_pool
0x642ef4616987da9d8d1d83d91f3e5d3442f8b988d0d86e6e91e76c92c15aa588,CreamY_pool
0x643501d76e480f135987a8a7fc1f2edb252ed53d06d8586904b5b5be766e8e3e,CreamY_pool
0x647bb3ca109cba3b40a1abb168a568e76718361b8f0ed0f1257b655f305d3feb,CreamY_pool
0x64809e7b954dcf041582018a025eb301a9b6edbd9b2af83ad542dc5999de0ab6,CreamY_pool
0x64b9238e7a5fccd887b4965859c312fad02e888e90bc14fb28b0e67c6347d83e,CreamY_pool
0x6531e15ce80e4133f319da1ce9dd0720bd03e2153feb7361195b066f1401e88b,CreamY_pool
0x653ebb879b86b1ae973ad90e6528dc167b265603c97357262436e9e723457941,CreamY_pool
0x65593856df004adf75408030a8f1e84d171b7292d64e0467dda22c010e03d9d6,CreamY_pool
0x657a1fb77766f3dd2b7c98d8dbea9067c16656625a7b409fd16a236fc8f29614,CreamY_pool
0x6693522cfb04e86b46fa88c3fc25a422bdabb18b23d8cbaf20d9793184937003,CreamY_pool
0x66f18552b6add77a2f70505e15806a2d99b590a04cbccc3035cd3f4918dda9e2,CreamY_pool
0x673e7f9b8343d7f5b8f393a0d82ef27b0edbd176cd64d0e643dd429a0ced1491,CreamY_pool
0x6770c798ede7ee8d996eba918fb795653212217aa24dea663a31c12714dedd3b,CreamY_pool
0x677c206ed11b00048476d8e6ca33ece4a6c82ec4e0f0bdc6ba4e54756aadacea,CreamY_pool
0x67d1156242725e1fdede322c7246f12729046263985e457a57a263c93bdd8c43,CreamY_pool
0x687439c3f5128d26aa52b48476c86e16b2de095bbd092277d9e99fcbe90811a3,CreamY_pool
0x6940c24729bfe81c3cbb33dd991aef517a4e53bcd9f2821727c23a58cd013640,CreamY_pool
0x694e028518b5c23b5b73a7058af2043ffa2dbbc67f2baa72c63780cecbdab9c9,CreamY_pool
0x69b382b125fd2a9f1e66357407ab29cca853c628ffd1484b99a0c4cf005eb0c2,CreamY_pool
0x69c0e629770018bf5f62f866c6877c568c5c42ecf0be082e15c252b2897272c1,CreamY_pool
0x69c79776d0a330e52b15173bd5a74b189d8c4173d7ad9f216ca02e9687837f67,CreamY_pool
0x69d95574a66309b92f2ab9ea5fac7df7c2cd942ad17d84a8269f30e592838f6a,CreamY_pool
0x69fb526e8d55d669affbab50b05390963cc0bb2bf42249562dfb033331ff18cd,CreamY_pool
0x6a5905093b3a64d5667bd0adf7ab7ad8028be38669ca3f10ead39d144b1fa782,CreamY_pool
0x6a755ed93ec821d009d95cd6ea78e564bb6d4df50b17dcb4378cbf63b84bedc4,CreamY_pool
0x6ab0128752a74bcfef824f404c8efe9ade50f6a0735dd1f37f2f783b6e418a6c,CreamY_pool
0x6b2e01ea590db736499d0b90ddeee0a8ca114204db88a871dcc6f8c6c7628815,CreamY_pool
0x6b7d73b0025c91301c932cb54072c62140d7a2a4ead919941f21a269976074d8,CreamY_pool
0x6c07269ff4463e015b8b9947dc5fe60352e9816035a3d99b90c0bab073c611a5,CreamY_pool
0x6c0d46e9c16f7721be6a954b87d50950d4524ebb9485f3171b32f449e910a687,CreamY_pool
0x6c1c0e6fdb94983c3be391062a1a33aca29ff90c6d0d0c5705f94c9f4cf12689,CreamY_pool
0x6c4f067cae7655a3c65878466f8b3c383f82b2f029bee23242a0fc05d19f1d48,CreamY_pool
0x6c9d0bf1af4eb89226102fcde9947fbba9411cd1481ab81f803833171d8e229d,CreamY_pool
0x6cb7975b8799bcd17d4677358a412e7dd45d36f868d157fa61f26a7434e3498e,CreamY_pool
0x6ce48f90f3409d82d4af70e4e7f1856276b90696f130a4e36bd857f91352cf7f,CreamY_pool
0x6d36729daa004cae213e2faae7c53302a1684c8783bd0ec6b2aea0d43413f3e0,CreamY_pool
0x6d440e54cfb89588beb254865b2531e03650eb772fad59f818eaa34c17971ea7,CreamY_pool
0x6d571e7692523dadfb5bf41d2022c578272f2a27bbfd8961891dac2c97282cc4,CreamY_pool
0x6d91ae60cd19e8c3e848bb76a27dd018384fa17f4283d184f55bc02307f99584,CreamY_pool
0x6dc8252ee51df257f275e7dc274f49ad4f2785b993ea71992e35735a9c93c5cb,CreamY_pool
0x6dce891d6efd3678a8212adaab7be2fbdc66715b81d9e8f27646cd0688efd516,CreamY_pool
0x6e1e3a525414a59ffe381b6019a15faafc94cdfc44576745adf2bbafcb82ec55,CreamY_pool
0x6e4a0379b372fd12263fd3a3e1bd2e2a7e4eb43e42a98831361b67386a2bb08c,CreamY_pool
0x6e5295480af2eb1b81d85e57c7170356bd1dc2838080620763fbccfb3c28c4f3,CreamY_pool
0x6e5dbc4d058d2bd882380167d5cbf622d3aa9264d7d97480f00c1055abbf159b,CreamY_pool
0x6ec852b5779adeb17d836ed20bc248d6b935c6190c4cdbc979d2335e74af7d55,CreamY_pool
0x6f04303e8f26096fed7f6a2550f57daac97ac0bc4c23337abc2e24dd62f9cb42,CreamY_pool
0x6f3c19ef4582c53ef11c3d6e5dddce913feba1089e09f5f2e682740ddab8c862,CreamY_pool
0x6ff215f9abad0459ac9b79600a25dd73dc847273fffb2a5b0ca807314653e89d,CreamY_pool
0x71092a32904482e86fdceda55612430dc23921ba99a1213741d222134e0c51f0,CreamY_pool
0x7110c1a6bf318aeca57b649999e9cd1117a03145bfa301ac3767f700757f5317,CreamY_pool
0x71a2d07e96b5f8068dcaf20fbc7a1e20cd39d79c0d08f747a99b673f78515a6f,CreamY_pool
0x7211b9ce850d56384ebc5e5a0718bcf2bcc5ea9a1d3836dbd9b66ec7e77395b7,CreamY_pool
0x721f4ae5676cf2f26be0bcd45159a01138b236b9fcaded0629672cad117597b1,CreamY_pool
0x730e68e407125d8a68503be7b4af14cbb6136a92579277e9fc95e67dce57a786,CreamY_pool
0x73452b30386053ede7cea714824cdae8aafaba7bf4ef6eb3e39cd716a5b79f26,CreamY_pool
0x734bcadf14ef564014eb4b040ed1a1a19c621411320205e117f4410cea72f1b9,CreamY_pool
0x7352bc8f94e6d870b4b471c12d86c75e67d0172f9c20dd81ae2195e0bdbe9982,CreamY_pool
0x736579475540d738e6608547b41ffa7d444d3a6fde5d8e2ab4d743807a12c186,CreamY_pool
0x73913fa455db991f12a7dc71ffb4e5f33d2a13f930f6841f973186e79eeba844,CreamY_pool
0x741965fe248b938b2c31fdb15ab1234b17f234a4cff99fc443b5a4f7ecf1d7cb,CreamY_pool
0x742fdef0f8d2d890a3fb444804d6335c10d8949fea1adc97e2b77f44cb27449c,CreamY_pool
0x7439ae50d518afd161351b845be2cf16d6bf828a2908a31b9c58b616c949c5a3,CreamY_pool
0x74fad6e0c5d359e3da069bc32d1a09ac536e9e8f8c08f4331863f802ac8cfafd,CreamY_pool
0x75f7e807d893bd08cd3ea5c1b08f2ca805accf99ac5cf5a751245e409395a8c6,CreamY_pool
0x76520c8798d2745663d75702bdd75c0100be75a5d2434299c94e528dbd728fb5,CreamY_pool
0x765f833f8322b775c376aec6f182947b785d6ffc29abc16fca961f8497168358,CreamY_pool
0x768f37f401bb7d8eca15aafd83bdbdad96f7dbbcb51cbb3d49f1999dfe53f7ce,CreamY_pool
0x76d94918f61e2d6cc2f110172a76c4ff623379ea6ec71f542d029548650219e8,CreamY_pool
0x7728a1693120fb281a13037f494be9a7c9ad433ec82b5e1f2b14da6793d90e08,CreamY_pool
0x775282f64bec0ee905c053456a2bcc3fdb30e84e5a7a20566a8bbe3ec6e32ff4,CreamY_pool
0x77ddecd4401fd8927fd2b893f86f440a49a873f64c3f842f54f5d27f13484f47,CreamY_pool
0x77e12ef1f15d6ed44615573468016c078a9f7d4ab2b56337187907d0622c56f7,CreamY_pool
0x7933a68f7c1c82025e9706a2e576af88154d4aa42c475ef9a16bded37920555a,CreamY_pool
0x79c80e69f066b3320bd5d521818c349518544d482b8d9fa087cbe98ab156327c,CreamY_pool
0x7a41744e1f046fc121a729359859fff1dfffcfe485d00137b2193e1b939d2ff8,CreamY_pool
0x7a67fda154e8004b5a816edcbacd8947b9e7811ee07ddecc55fb377efc0ae2e4,CreamY_pool
0x7b0dfa859a36ee14e5ca94960ef95163dcd4b36f4d182e066c6519ea256c8514,CreamY_pool
0x7b1ca1a479c8a0c650c0e7b91af71720ad850d508eb0de0158f746d29fea89f0,CreamY_pool
0x7b21a69de169d22f21c5c6da31b4b2c691c3fa0ce09a74cee01e3a153d8d1763,CreamY_pool
0x7b2876537a37841012a5ec23ca0c92d8877990af25935c2a027171561b5f1c33,CreamY_pool
0x7bacce000d9bac42634b3639fda1de3189b15355afb62528a3b863b7c77d6e5c,CreamY_pool
0x7c23ed908d0f703d8059ffd0833b6f6bab270f9f658f46d8f61069633ce073b8,CreamY_pool
0x7c3d3de9bd70ab91293a088c122f1bfd0f22b48671215d4a4effb65d65bc7274,CreamY_pool
0x7c77af7842a65bb07cd55e48c4cc0691a81946c8d5679d9304250e9e5992613e,CreamY_pool
0x7c9295b8349b0288ff76af6f4b93f8e879900701e571138377fa2a048695c60c,CreamY_pool
0x7dd3bd8d7bb686f3366d679bb71f4b89b90448e795adfdcf0e6c54f6b4234ebe,CreamY_pool
0x7e4bc1d4d06efdac3dabb8f8481f22b4a15bfdb25a04abb94cb26ac2712083cf,CreamY_pool
0x7ebd700c936d86d8d582de48c3fb2dd51f16b18d433eab1843b3ecede9aa7d90,CreamY_pool
0x7ef61432bab7e759d7d51801f726d4bc914b5e4252061faafa3f2d9fe461170f,CreamY_pool
0x7f5658e888fbfa45b1e0fe2873d9056a0acc0961df39f370e49ddb361c80fce8,CreamY_pool
0x7fb0e89d1e8190744fc5c2f8969b0954a189766df15412e02dc8f57d0f785aa9,CreamY_pool
0x810e340568944d705b0dee6aae3599ac6575a9086ed4f5f265f9daa93a390ed6,CreamY_pool
0x81e3af654efe539215ff1416086db88b0d0052e60ad552a95f92ed50222c6d23,CreamY_pool
0x8278f916b1bfd7fbbb395114df3f13d36eebd0757a45de4da486db4cdc3c26c6,CreamY_pool
0x82c30f62e005417d74c4d7b5ef3016e1b1d6d2f0e8e7ee23766dbe313bffb8ab,CreamY_pool
0x83176417f680ec712f2b98d79e161bb23411db0db4de092651ea532bf32d8e74,CreamY_pool
0x8341da79afcf165681449a412fcda8bbefc98046be9d1f43c3b7d9bbd05fb159,CreamY_pool
0x83c2981b44dfa1f3495257d0e75b00fb4c121f7f5308ccb8c72c7ce43a5d2e39,CreamY_pool
0x83d316feb5019a502c59a129e1081dab38727bea5f1b3b5438b9c681f362a28b,CreamY_pool
0x84804ca1ac64567a0f12cfdcf9962adf993fe787890b780a0d1a2460f1641a10,CreamY_pool
0x84bb49f0ad2a28475a5488d33020a5d0e099fc52615c4dd4eb0f47c58dbecf0f,CreamY_pool
0x84c0b6e363af4d71a21caee0745d6d029cdea54105f36f2394aac126ad59397d,CreamY_pool
0x84d8f7d80621b47475ac2a08f15852d85725b7017e8bc83c99894e653e3865d7,CreamY_pool
0x84ec353b337bc020d370b64e52f3780cee7f407523397542c8f3545dd8163914,CreamY_pool
0x84f280ea57824c96c6f06d96d464afa13ae5513c54e141d2e824e0bc7e28980f,CreamY_pool
0x850b7e7da48da3d260ad696066432a035ea89db1b483bc8f92ce26845c823da7,CreamY_pool
0x8545a0fe95a139ef76139e8d27939c6cb6a5e178f811cba7c7feba7789db195a,CreamY_pool
0x855de67168b4542cd40c502df4e6f8ab64e182cfdfb8d3db0c7a7501565c71d9,CreamY_pool
0x85ae6a6f561975e88423da680eff847587ec44b9354cbfb8aa5cc1cfce78f28d,CreamY_pool
0x861d4d98cc33e673d1e5576ca62fd74d050e4fe2a4cef0f73a98305ffa073f13,CreamY_pool
0x8641481b0f38dfbdd7a6c747aafe5df38652c0b8390c4ca88ee62795c6f43ac8,CreamY_pool
0x86499a473ad5939049968f5d260e6608699826e2c636b5c0bbc638eb15b7e05c,CreamY_pool
0x864d68ab0b65de5ea92aff4c2c6c6897c1848c55145784bcf102dfdd454c0438,CreamY_pool
0x8663eb67561b9f010aea50f3dca0db293368ee17cabca3afba8db657936d0186,CreamY_pool
0x868e67f242b28b5bf647176b873da7ac169073bc516c2a3729c58c3d876caad4,CreamY_pool
0x869c2e85c8017061d3c3b34ffdcbdaac5edf2b47435725dba26b53c96415d1b0,CreamY_pool
0x86a5c6062b9c694971a183d27a8fbea637a2a13b188cca41e01c5c0cb15d08e6,CreamY_pool
0x86dbd46c62509f831e18bb86a753dec78fcbbdfb327a207ff628188ceeef0d91,CreamY_pool
0x873b60f8b53065b61890e7f0093ec058b0d29f0bae2e3868164de79a4477eb6e,CreamY_pool
0x8764dcb3b6e87f5aeffacb9e9014f887a7c29e648843c868beca2125c2839c65,CreamY_pool
0x87962eb87ca8646caae64fb9383f95d9297c5e4005fe4272eb58803685340294,CreamY_pool
0x8807587bff8c634b692e28df25f1e8b50367f5cce4c51257c4f2386db4db7cec,CreamY_pool
0x88586f7947681816f74043f51baf250bbdcac271b75db24dffe1307b1433c924,CreamY_pool
0x889fd6cb097977bd8e92efd29f62c2ba6c965dde4b5dddb6babf8a33823ad269,CreamY_pool
0x88b4bfa500d9b3ce3b63b2a730466c4235f9f646b7283418cd8afca9f39fe65a,CreamY_pool
0x88d1de9154a26500852f953bf0709daf190fecf7a8cb3d1f8ea3dfed70a3e242,CreamY_pool
0x88d9a8f3befc56815b6566d1da5bef54e71d297dab149776e29b150adf96c829,CreamY_pool
0x8949883e60ec10827c3c2a69605382cb5391dd3b00bb5c9f52fc69dce329d050,CreamY_pool
0x8992a3ef20c1de30257622dfb49661fd944b8b08db2b098ab7425a7dcaf50e0e,CreamY_pool
0x89b3f5afe3317367c50102bea1063ac8afa8834a642c0208e840af877572d0f9,CreamY_pool
0x89ded652b11757fd16fe1ec5c6e4ee46f6318532ff4b051f8bc372f2de84a15b,CreamY_pool
0x89f65dd46d1c9f70ae089df5830aabbce366bf5eaa83e9ca35a3e55103e6a12c,CreamY_pool
0x8a5c88f5f55968964ef5931abbca662658bc9b24bb3b01893fb68ad68af55d3d,CreamY_pool
0x8acf5129b03fcccb148376fc0bee522b8313a2a64d5c0fef09fcce89c8189b3d,CreamY_pool
0x8af5c1938454cc6492c949ac839623702f1884d5c5734daeff4789a5f1a04f0d,CreamY_pool
0x8b403dc3bafd6204dbfbccd27bb19b80dd406909e11c1139becf3eb30d9c76f2,CreamY_pool
0x8bd428890a324af764e2760d7db75fd8c1556b0eb0da42f6816452a0e61db8f8,CreamY_pool
0x8c10ea3077e73fc8ecf364a926f3522391ecc68cdfdb6bd487a856d38d3685b8,CreamY_pool
0x8c55700d1fffc5f8b9ae64514fc805d25fc3fafae0a34cbb7e534e6a376b7e81,CreamY_pool
0x8cca56e82b6f9d4d874b089edaa1f85a40c54429a5c008adc17e8ed1e9cc379a,CreamY_pool
0x8dc470fef6eeca23f8f8347000e47de62ce29d7c0959694032af0917b07d0c86,CreamY_pool
0x8e110ad1ac32fcab705ffa884253d06a9473c900b1e6aa117a4235d530dfe383,CreamY_pool
0x8ea2f5e72a17f66974d0b6660dee79bf1b692598ea9267418cd5a856d3851c71,CreamY_pool
0x8efa7d621aad24ae365ebcdfb1d1bc60afee813a953ed43eb1c4608de50085ba,CreamY_pool
0x8f4fd17b98a0256e0eea7b9f5b125a26fe9673816b33a9659ed28fa2997e959a,CreamY_pool
0x8f5b50ae8f75fe9d8bcdb13c38283dbf58845831372bacdf81f30d8817369df6,CreamY_pool
0x8fcd920e4a4828ad1015a3287fdc49801ec632faf453cb9ee04c52350acb96d5,CreamY_pool
0x9136561022b8423ce1f2678bd9f031382f9caa2e71165179c3a5705efc726b45,CreamY_pool
0x913cebac25988fcc5fa54c48de72022c36efe87c4448aa6be7c0ee073c58f2c7,CreamY_pool
0x9161dab2a699a421d9543f2d295f96b439ecbd761d6de61cbc7f936aa11abb13,CreamY_pool
0x91a24aeda3bab6635dccdde5dd38e221765b9116933c880996b258c735aa1152,CreamY_pool
0x9247686a2f3d3ae43aacb975f26b00aad4d23a1ee05c7eca6e0b91f78621dd08,CreamY_pool
0x92c5ab0d3a309bce68839b0cdfa06dcb226ee183c57a30636c898614856fb4df,CreamY_pool
0x930b6949348920c953d20db34cc907be53a00098829e8053245bbc4c02b851da,CreamY_pool
0x935b36cfd979d0f9c22c3c067873db1ea5112ac9ecd06657dd1ee3cc0a868a45,CreamY_pool
0x93a29cc443aabd01b4a0c4917ca092bfcf6f0edd9d5c67040e402b7d15d85ed7,CreamY_pool
0x93d5085083b64bd2dd31e9062f05a58fbc092df7a3f50e0da5c44bd5961d1f69,CreamY_pool
0x945f2a3d4482fbe47dcaa096450ed7cb94736a79a545bb5e82fc230b722f62af,CreamY_pool
0x94972b07758ec54bcb8eb177c2c4e72f4f29712c481f16e47e9ea16ca51bc2a0,CreamY_pool
0x94b8d4078858a0d7bc073af61e2c513578dea9dfcafe2fd90f4f6bba9daaac41,CreamY_pool
0x94c0ebc95bb095e06643d0806470e260f0247714683ee7f2b5de5df60b90e537,CreamY_pool
0x94cece8adf20f0aba404daeb818a10d58927f7f6050a5a197030729c9f25749f,CreamY_pool
0x94dc035575e0c4618f8727ba7da46b68d92d06c38138386612f4d4c10e4872ac,CreamY_pool
0x94ea783d544458c17a7263285a6a3d6c9010e788f5c3434beed9abe94a280a53,CreamY_pool
0x94efd821249b2c12531d170cd94a5d7dcff811c7124e8d4c3fc98bead80c1073,CreamY_pool
0x957fbd9a33c9f89ec449b0908bb48d1f9d5c076ad0929cecba5bf2351148dcf7,CreamY_pool
0x95dc8f897da74964fd83be7144266947694f32624a13779395a722ed4889975b,CreamY_pool
0x95ec058e9a0e75ac1ef513ec9ea52e4218d2c3e7c9a10cef299d834010e376e7,CreamY_pool
0x963ac745d491b5a6587dd1fe790d176359f4f9663a22cdc79cc24d440ad3a4f6,CreamY_pool
0x9653bdcd05b6d7ab9db2cc7056d2c387d5730730003a1a611dd294749d9df980,CreamY_pool
0x965e9d675010f5a93833d84d212e11842e7f72fd5f23cca7e07be4349b7b5169,CreamY_pool
0x96d28d580f32b566c90b8faacebc2f34a2e7cad519073b25de1d69ff42e1a1bc,CreamY_pool
0x96f6dfde003e4c54a1d92eb550cbd58cd5702f26f98fab02035781b13a01d341,CreamY_pool
0x96f8223871960b467aea46164c436c5863f4546e4d7d1759e82cc0bca740c918,CreamY_pool
0x973f5db90f50c21acabc59bb4e4eaaf20875a932732a577ffd187e0fd1866bfd,CreamY_pool
0x975ccbdcd84eb61901f6640cbea6d652ef89c38e8b247664406236983764f43d,CreamY_pool
0x977537c897cad95a2f21176f966d63890224a2d40e7558824054b81852902f34,CreamY_pool
0x97956ed2dc1aca7b0862c88023c00a6f77332fbf553fa0501b1a273d2307e3f3,CreamY_pool
0x97a7353f48566ccc4344eb9f0cb67b43300edcea318f5f539f9823c6ae7ae4bb,CreamY_pool
0x98112f930c4e3e252ae94aea31786145b9f9db4827c07d89f99e152edefb27ff,CreamY_pool
0x98372c4e5576af025e4514b39f590963755ed1de8e95bb8c8423f0ff9463c03a,CreamY_pool
0x98d453a2f9adcd47f8b4ac3da0d8a327e2619d731479da6b33b9a283f9771eef,CreamY_pool
0x9969d7828c7d85899329806e1b8f5f397034b1237669bbbd2dc35f62d8c84674,CreamY_pool
0x99fef2559a4f6dce2749ebf643409df3fe92b5bfce4e1cfa94888aa4164df0bd,CreamY_pool
0x9a0200005b45a850f363f6bcf328766a14a764b95fabbe1c63ad162f7a96f320,CreamY_pool
0x9a0211a919fb70dde3ec90c217c423e0f69048a26365a75ba35d1459bcda7d71,CreamY_pool
0x9a0f4f509a621828df14ad91cb2dbd18710bdba675ca8b03f090f7e5dd58f43f,CreamY_pool
0x9a827e252d2f20580195c958447954341b1568d5530378c701ce1265f857dcd8,CreamY_pool
0x9a8b2915cf613679b4c0ab90b72a0b393658f94942fd237a761dede741acdc7e,CreamY_pool
0x9b0c0cc7e2632d4d03352962f0b6b2fd86e1d603070967d24a25aa5f1021fe48,CreamY_pool
0x9b2319a07a2164cbeb6db31740ab253f91b5f8b899d52df1e2cd9773e9aa06c6,CreamY_pool
0x9b89d33bfa78d0c0fba0c23c0b77b8fe1841fea7d8b8785b5f6e7a5b57a51c46,CreamY_pool
0x9bbd19ae710fcf6aa5d65bbd7424d71d83ce6daac6fd4166edc75d4d9748c9c0,CreamY_pool
0x9c2ddd98b652123bfeb437da7e57991a3fad91e6c7aadf6e2f164fbac9b34bdb,CreamY_pool
0x9cf2b58ee4ff5c25d329073108d1bc32be99cce5fe980968f243df4905fdc733,CreamY_pool
0x9cf55f83afd0aaef28a9b5e37b5cd203ef5695c6d62cac01cf65421b4fe815a3,CreamY_pool
0x9d2ab0426862fc7b50888c244e3eff178fecbbc065b5aef8cad98b99a2d7ef7d,CreamY_pool
0x9db4d41460712a30e19ddbafc81f26c744768249d790581e6a75e4cd8eb17291,CreamY_pool
0x9e5bd68d94821194b0af5fb2feabc0bfcf31444665e32ecc655545ac2bf7920b,CreamY_pool
0x9ec1d549d150a4d95ed4a38857a9466ca581bed7740a088f08f0985964fd79d2,CreamY_pool
0x9fb86abedca11c1a7b7a0286919eeb5f14811e0da2d00db66e2f2cb5aac56833,CreamY_pool
0xa0198df7064157f9a4985d6297520fa461d85027463ebab8590c7377c606aa98,CreamY_pool
0xa0444335bec14dabc4582fbd527ffa55d204709d911abd2a279909bf886514e5,CreamY_pool
0xa14d56b6c069d6fd4c96261a1fd8ea2738c5326484ff08e939658afab7a0155e,CreamY_pool
0xa18b5ccd2bce72ff4f062b2a05b2c34d2c272b0005fcdc09576aac0c644cb009,CreamY_pool
0xa19110d8523c24204006802ffbe8867ee906c0b5ba3f37aa2e815b929ca01420,CreamY_pool
0xa226cb4d4c72fc22f7d3c3fa9f1c6aedccac7d40c7452cab024e0d5bf959236e,CreamY_pool
0xa25b6ffa5963b7223e5c2678c7866f731d01c58d247193790e213f73932fc8d7,CreamY_pool
0xa27539ba39301a78555ef99e9061e3642ab178fab56c8325754a63656843429d,CreamY_pool
0xa2a00fdf52ae2122caa316196c39f2efc0e463a1797704b6c6158d87616abaaf,CreamY_pool
0xa2ac69e7bd02815e703adbc29bb2c3627fb1b1d65d5d1073df473c6d116eab63,CreamY_pool
0xa304e74fb32969f0865f4ae104e1a2b10a51a5405d4c34d7de17c514842d0bf9,CreamY_pool
0xa316db47f989b28a66520efbbdc27550278d303c89d3c69d3cd9a9a2c4865886,CreamY_pool
0xa3bcea5c704cd522078668d924cce3d323ecbbb6533031817d54a0f6f0bbf20e,CreamY_pool
0xa482ac6aa222f49c5165cfd6b02a1da49ac6a02ffbed3c70f5cad6cd50538e84,CreamY_pool
0xa4f5f2c72da803524d7a3e357c86e8727837ed69ec3a7c3538a6ed77d5e21803,CreamY_pool
0xa517cd831eba9c19c2c427d9362944374db3220d032678e33470e23a23b7e6c8,CreamY_pool
0xa5b5622b4a4406539d39ca2eb81b7c3be94c1cbf17d65a7b2e8cbac4178cf7f8,CreamY_pool
0xa5cab36d5e870619eb36bb8d2642903f46bae8ee412992bf90259a866e7f526e,CreamY_pool
0xa5e0c13b8c1a33bfa38e8ccadd060ef7f39fca2e3e19001ddafad49657926b82,CreamY_pool
0xa631de41b1fd399fc5e595518e88bc27064480f784c1133b1ec0a7f8645adc99,CreamY_pool
0xa66f84a918192d694dc21666444b333207f63b70751104e4453543c61dc8b788,CreamY_pool
0xa68ce1edf75934bc626fc07274f4c772cfd92f7c9030cfebc77b5745695bc49a,CreamY_pool
0xa6ba1245940be04edf321ad74982abd8912836507e8be42e67aea231c67b8184,CreamY_pool
0xa7bd6dd891b217354ed8d881c0a42958c732f37378e74a2901bfae8af775976f,CreamY_pool
0xa7f5d7239df8ec884800cf8776951f2b18c4353ac40462262aee59e921b8e928,CreamY_pool
0xa825458e1380e17610e58eb37e0442d762676d0abcef94a22e23a0a0470aa46b,CreamY_pool
0xa84a4262ed4f7dc6a8c3e01dbbd0ae21d53721baca9edec903633017746f7125,CreamY_pool
0xa8d6a3568a3dfea298bd47cb37da21c982f823b17127bcf01ba0cd74ed619d6f,CreamY_pool
0xa93306ff13b8d5df91cb3a1d90c5b87fde83670e64d43a8297730d1eee5e40f1,CreamY_pool
0xa9868dcf97d05fd21a97b10d86e7d73e36519e4eb62ba877fbc8223ac0214e93,CreamY_pool
0xaa24085acd913ae8639d2239ec0d3755501e3968eec6987a458c9fdd9d548f29,CreamY_pool
0xaa8a189145e1180c671e5701a145da36f45496f8bd00ce7b51aba49535c5fecf,CreamY_pool
0xaab186a3bdaeb4d90b40a89bbad74cc6418a5ef82ff6d24b0c23947eaaa0e072,CreamY_pool
0xaae82674e0ec5049f41a5184c56d873757e5114b35ec69b5cab86ba8438f5262,CreamY_pool
0xabb3d1ec9b59f6dac26c590df2a8c2294053ac639a859f8c46b19786bd425a9c,CreamY_pool
0xac545dd611db28c673ef815eefcdf9716eee28e3f696b26fd40b05693e011c4d,CreamY_pool
0xac7ef40333d4a33b18d4c68dccf443ff11a51d673f6670f76a1453f0fa81cffa,CreamY_pool
0xada073376f889bb3f2474bc369d33dab19dbf610dbd83415a99db08d09fd3999,CreamY_pool
0xadecfaf1f59f28edc89c111ba5aa250274694e8d648febee168bb3efdf665c28,CreamY_pool
0xae718f7c43463d22028e910d9de79f38267234b86c6cc07668dd665e9b8223cc,CreamY_pool
0xaec2b81954dc79f850a4e283d2fe649ea52c950e695061d994676a6441f5c3ba,CreamY_pool
0xaede2aa46a27d7d4cc9ab2188b1e70c4eac7b484ba77f1724939dfdd9cc34982,CreamY_pool
0xb075b9cdd944ec499616214be5130dcbc8922e35e7f464aa2b96322280c61347,CreamY_pool
0xb07aa4040ebbf2c505c8656b237fb35545cba9ee57f3b6002b8f9b6956f660cc,CreamY_pool
0xb0f3a848b33ec5ec33a0959bad8c1780422f31a465162ee83fbe5e2b137a6745,CreamY_pool
0xb1ab2755fb55b839ca3c73d53956cc7e31e4b7c54cc71cabfb1bcb360381602e,CreamY_pool
0xb2778a572b8a492100047f567d4f453d0b506550fbba4345359a980726a9bfbe,CreamY_pool
0xb300043bd748c76e6aba1f88cdd32e997b44a1315e0d77624e5fb87a7d59977c,CreamY_pool
0xb3b5a83c0132aac70234c6a34c9a261280a6e33142f9f306eb451abfdac44fe5,CreamY_pool
0xb49e34cc95b06281ed28be95143383f290a560928a03391e4dca561c89f9fa3f,CreamY_pool
0xb5173ea40212b84dea0faecbd223f7df798f72d67c01f71b836f420faf7a41b9,CreamY_pool
0xb52b767981ddc8e27a6fa86c6eb93a75333c98ea751f39053111eb20a3d46ca5,CreamY_pool
0xb5ac362d329eaf64c24072a0e2a1b485dc9f196a62ade75ae9693d8b8a9dc6c1,CreamY_pool
0xb5b266140a79ff0b7c716a5ce40fbfe3aed44184868766450a5c7ab7f3337ad0,CreamY_pool
0xb5b7a7f16c1e7a3959a7da087cd8e5c820e7f0f78eb9b27ded546863f0025a7c,CreamY_pool
0xb665224903f35ee2cb5e84f1b6f3b6b42d9a01f6420b8a3c455c53f36fe5d71e,CreamY_pool
0xb71201a41a6c81be48f94b12f72e05841010577a158a9665293def4578026bc7,CreamY_pool
0xb715bd3e545dc248b322c7cb2d9e3f700f6d0af4a323aa16532fdbf76df63942,CreamY_pool
0xb7588b5b02d057af1a55fd91977c62dcd1344e180c5a1dd3405c33c2fe8c6661,CreamY_pool
0xb79245b6ebc84ac570073b8a157ca677db193f00088ff749ebf5ce734f705a64,CreamY_pool
0xb7cfeee510400af0bf10e86b1daca5e036f71b1a5b7970ecde8014d67227b430,CreamY_pool
0xb8300d025d33affbe93ac9bdb042ba35b5809a097383e613499db1426d3bf04c,CreamY_pool
0xb8966979fa176797455a7c2db1fe48c114fb604994ae84365fe858c1975f619e,CreamY_pool
0xb8ab4ceb97356cb78dcb8e32d5fbc4174426a83b17d3420e2dc5b9c335c92d69,CreamY_pool
0xb9a0c793053d6ffedfbc8243314205f89bafce93c526786dc27f84787ef98f3f,CreamY_pool
0xb9acd2f49b83afc2c7c836d526fbd4ff3f222c819a0747d66ff1c204404386f6,CreamY_pool
0xba3b44dafb80b81b79a53091597cb22afccd8ff89e771c126a96206323cd54ba,CreamY_pool
0xba5c72d6eea42d8b844737823cfccbfe99b6ad60535a3cf1da8caf7deb7538d5,CreamY_pool
0xba9514bdbad3dad2d181811635f5b83f15fe9844ed4b835c1ad2a1a752af19ab,CreamY_pool
0xbac3f52206776e8f79b678492a9c8ab616e84604bc02d72bfd2c66d613d383c3,CreamY_pool
0xbb15f3e830a867be793852afebbe1e92f1f3a4eeff86a90e8756f75095d4a1ce,CreamY_pool
0xbb24bca857e4ef6f20a83a0bc2f1d099ae93620f605a76793a1618b62f7554ef,CreamY_pool
0xbb2c1ad9796dae6c1589c068be6a109644d66c1b28533adfd0f2e3a63c58539a,CreamY_pool
0xbb89a883eddd15590f4eda3417e3f1e63de6f43482950978e9865d42060fecb4,CreamY_pool
0xbc36f4dcb5a9e25d3c2622933ed6dc725fab586fb630e3f890ee3a029ff9671b,CreamY_pool
0xbd5347d1f1d6b99e25ae210b2adfdd92ff099f3c709450895cd0c444cbff9773,CreamY_pool
0xbd60e0d1a6d34613a79d901af99648055f8bacec060c1d43e9a460382106b4c0,CreamY_pool
0xbd7765e5e5619c4a62ef78f33bda251213636b927f57e4befee19b9100403bae,CreamY_pool
0xbdbb67a4b349d941de2136b40410ecaf6c984399c1d101213f5acbe2488b5c65,CreamY_pool
0xbdc99bbde7d4d80617837a9b6a5839868de223214ba5dc8462ff175718d0d578,CreamY_pool
0xbddf358b5cf687357d29bed1a97be4bdcb7eb6b870dcf903d37ee742cd196702,CreamY_pool
0xbe41380ac5ab5616f50a909d5a5e501c535b766b115a3924636b5f665f27fe81,CreamY_pool
0xbe57b7acb2331aaf969990cbd9b761140bf8dbcddf4a927c033b92248bb6a1ba,CreamY_pool
0xbe58afc0390a6888f5da9778db4b8bec787a23b443928ddb922d823e135d61f0,CreamY_pool
0xbe5fd324c6464e06b451a4a3ea57436f507de635fdce0620c7834cbeaad2051d,CreamY_pool
0xbe641f2da3c4a0338117da29ea8cd57c8c3f9aa2819054741508276c4dd3d115,CreamY_pool
0xbe7d455b7bfbe205a99c9c483aa4cc9d7dfea7f31acb91d589a68939a69a0ca2,CreamY_pool
0xbe90dc8369fd7663c52a4a1c890a6bafa2ec53803189d7fae014a95ef57c8a26,CreamY_pool
0xbeb64a55c9ca79e23fa7ca6abb263c1dd6ba447bbed81ebed3fb4d92edeb8326,CreamY_pool
0xbec0793483feaa92e9c7e47f957b6a028961719e2e440e1913585914fb4cd0b5,CreamY_pool
0xbee9bd8b6de86dd28ef698848cf558d9c0d373a901ee0bedef4981aced1630ae,CreamY_pool
0xbf2ff680226d6f45522cfe90cbe0308b61e78d55e3d527b690e41e4296440053,CreamY_pool
0xc022325dc22ddc0c21b4f40602767e1253a203bb7b7422e3d99c3526d5bd96c3,CreamY_pool
0xc08efc15135ef206006bfa81ea29a7388127aede7ef190a1be5e7a0eb01e4f6d,CreamY_pool
0xc11e658e59ca9c08678fa645ed2d9804b35b63b92fa240cd031b7203e6a0c339,CreamY_pool
0xc17820abc2cfdd63dc0a29fee4babfa61eee498e74edf855692081d7ce870f15,CreamY_pool
0xc1ee93949a78ea005e529c46b4e4583de55cdb08563fac43f718c70a6af8b93e,CreamY_pool
0xc2a699fbc94f115e7aa90acee419a489f3fdd0905270bbfb587c97c685b1ec9f,CreamY_pool
0xc2c02f6f488ca2bd4fe0f167bd7baf6ec177f11331d72147bcb1a194f7edc377,CreamY_pool
0xc374682a066b7c3d0541c8f2b5bf54fc6cfc535c5310e0708a59bd165b4c401f,CreamY_pool
0xc3ebd62a76b099c936897e92c08c7cf27211a123de7a41431ae0fb0e430bff7f,CreamY_pool
0xc423ceea81b132f89d9f0df6e5a50c7944c16bbab46c8e1aabc8b79b15afd6f6,CreamY_pool
0xc460a09ef17c4c52e688a44df1cd8686fd27dc733a3507af0f7558683e7f5da8,CreamY_pool
0xc4680c4afad14ab78a6970f5d2899f20d0cdb407b7c41706e543354a1503edfd,CreamY_pool
0xc527f7209cf88056d5feb3330f558c6af5a87759cc3464a45ac5c613edc8d7cf,CreamY_pool
0xc59ca866640465bebad381870978e0b59880aeb883c1fc9feaaeac21fa8e452d,CreamY_pool
0xc603e0f436e613c329d5dedd88d2f8d52472e8d144342cdb5af3002ff7f1e361,CreamY_pool
0xc60f9d5d7952989b0b885ad76c5bfa1e04e8df34e01434d2d362a834aa8a8d08,CreamY_pool
0xc68ce851b1c58e5bb5d09e4551ba19ffa79a3bcf1ad546391245e09064ac97d7,CreamY_pool
0xc74961296d8b87634fb5f0ed7b9d4bafbfc0f3430ace9cf110b9eabacb0094cb,CreamY_pool
0xc801af0c1edab7db7c90cbe692d9692f905641085d819468f053404838ce96b3,CreamY_pool
0xc883c7213de2273a45d721ccba13b0a17fa979564dd0613e3c52bdbd4c6ddfd9,CreamY_pool
0xc8870fa66e049f9d83161ebdffcd7388dc43bed02692d886e5b6c9d028bad3fd,CreamY_pool
0xc890460cca8c0c4c751e9e0f1efbf2a6b321e2ac7f561a28670c5e1c73aa2783,CreamY_pool
0xc92544e63d69e261905e1112b193ffcfdb71d89a9820ef822132812bf6d7ae5a,CreamY_pool
0xc926008d419a8bfae75844cb45cd7807804b976c7030c030e7337010b472c074,CreamY_pool
0xc93de78a06a11faf115d0ec6124ed7c4f8f1f9e80dd75d7f79b705462d20e49e,CreamY_pool
0xc9aded5d20d29996cb9c3722fbb7c1ae2deb63f4ca9cd92e333ce04cf3062fec,CreamY_pool
0xca652753898c6917bfd6cebc19af9c8ad24f696715322ebaf1cac515f64c1661,CreamY_pool
0xcac48e016fa1a7159a38020de6d5f117e0c72ed20e2f11c18d0257960827f0dc,CreamY_pool
0xcae7451e5e603959f658c04f963fce30e0247fb0ff60038ec53e3b7071120392,CreamY_pool
0xcaf251029c481004dd4fe877a07c496ea0d15d944b9fe9726ac886a467140690,CreamY_pool
0xcb3fe077fadf56b6de78d07f30d53f82863425792bffec6690b4bfbd1526e23c,CreamY_pool
0xcb53620c656c710354720605b6f10c422f97502c460e980f007c47bd33391a18,CreamY_pool
0xcb5f7322c63dac8cdfa6d44a792ecde08ed07488db170c1c44cc4ed3a0c9db50,CreamY_pool
0xcbc0d9da28fa8bf71641828b88afbd978d50e2a5cc350ae7d62da5f4e858910a,CreamY_pool
0xcc02f725f74199f6d2ae1e10e801ba0db56f4916cd4e6cddf0f7474121527d87,CreamY_pool
0xcd0c4ae47757004e589551c1b33f88716de385dbb49babdf9563d54205197753,CreamY_pool
0xcd10e1f7fbf8c0d7cf7d0fd7ab46693512775df3d3be06bee91b1e13340548b9,CreamY_pool
0xcd404214f885b7efa7d3ecd0210f001b220a9b4474d2a029773ea6fc42e1ca61,CreamY_pool
0xce57be87ae80660af88f1cdb67f918166ae1d35180e7ab7c1fda6daee994521e,CreamY_pool
0xcee2823ff6aeab2c4c7d9930edf78eb98fb19886b27ec17830953fe2e49c5ad7,CreamY_pool
0xcf07f594c705b27f2dbbc35e7c69c7feb0476c81393bd94b16001d652f3e510d,CreamY_pool
0xcf44e4126a2e5b5a2b2f55b5a5f98748a6f35db9bec645de6e799ac1d4354b66,CreamY_pool
0xcfa154ab27007a287f41c7203a69dbb08c6072ef41bc6e6ba5660290c653b9cf,CreamY_pool
0xcfefc849bb0ec42dfe0c5a5daf1f95aa03eb3ea9dcd2f3ad653a81f315cfcbea,CreamY_pool
0xd0f8e6b876d2e1a3e6311e0f216a56d553bc58dd4abd58468129e4ed6b96c810,CreamY_pool
0xd10b533fe60b11a4ef91e4ef3b58725d29317eabe36b8c19c5c4d9f2cad4eaba,CreamY_pool
0xd15584af64adbaca3bb85bbd763e29addbef080a81609dd01610793a57abc873,CreamY_pool
0xd168998d241c4860e4de3e28c1f72513626fd0cb9845f28ea96430593cbc1a47,CreamY_pool
0xd17a1dea6edce2fad051e6b13f43cad745996617e17a7ce51ec1005ed421a6f4,CreamY_pool
0xd1d84a1714517c14eadca4bfdd8a34095c9d330becda105a42cce05cd5734405,CreamY_pool
0xd24a68257e14e8e2e88e057c7440f29b78ac3b24e8837c8a822a0dd4e018b080,CreamY_pool
0xd25db2e624d57844c515b896ed74fae1dca1fd90f44d899f5d719725fa332bc3,CreamY_pool
0xd2fff684d2be26924a10d2dd577d2b46bff47f3b33c75f334b0b026052042513,CreamY_pool
0xd37497f18dda1f8cd44722f83981a9dc5b10cfde2f1e37d71536510123cc07ef,CreamY_pool
0xd3e42cef76689882a8873254bcbffbbac25a86a74b6ea28f6a92e8bc329a7f75,CreamY_pool
0xd4170208d2f1961f2afbb06db8bea35975ed2de8980106ed0f06eb51428f0aa7,CreamY_pool
0xd42de9d682bc2d2dd76741751099e6b28565be01c4c6ea8321eb65cef09d7bab,CreamY_pool
0xd4d16cc615a4af1bc8ef8289fb9ccbf38a2bcd6b5d9596c0d533beb9746a18c9,CreamY_pool
0xd4ee6e268ebadb7661c26da9b3794ddd79cc734e5cb7ab21fb5b4d38a77b6b37,CreamY_pool
0xd546d0a6b0a75d65f34fa71f7e4060b3975cede79dfeeb5b595ad09acfc13183,CreamY_pool
0xd599a60ac4c07370fb9c7d08c5254f62de99fd6fcdde2148ed0ed2c8a32061cf,CreamY_pool
0xd5cca460521d1927168d44034960f48a2e3b3c5efb6e1f8d0d26147d0cecc09c,CreamY_pool
0xd5ccee6113dbf64d3a6f3e39714e4fbacb2164db4ffb6625bfe395ed295cfc87,CreamY_pool
0xd5eeb88feb7570575dc1be1cb5c03bb21f0edc3a6eb18541a797a54d6bda6697,CreamY_pool
0xd68aa90073e1232f72fedadbc5811d67c1bf68555f618fb2b4feb94e3c0fb5c8,CreamY_pool
0xd7c34310fd1663471a3d16df23bfb04f319706d20a258afaa99362c0babd3295,CreamY_pool
0xd7d2f931050bd53325920aadcc0916bf7bcc2e11aae2205e70f1da1974d8acf2,CreamY_pool
0xd833926cac0029db2ce662a9ccc254a42fdecc666c301af68e0ed73c7a641651,CreamY_pool
0xd884ac58bd7df4b70071851276cb57e1ba4a5801642ce46e45136593cca5ee2c,CreamY_pool
0xd91b8fd421f0a988bbbce5d8c88ee9f290de25ce4b9b0296d0d346ff4a4b81ca,CreamY_pool
0xd95c48a1c5c320d98fee90e06129d46449f3716f55571c51c85eabb0ecce2a64,CreamY_pool
0xd9d377bdaa49ad9411c7b2b9c36e27fc658de9195fa8e41f30e24827e4b9078c,CreamY_pool
0xd9f6ac82e5e5c0c0c2a51db39a2874af060405561d96a8864652fc4f068b0805,CreamY_pool
0xda10ed851deb90f69d0dbbc89816a7c2c6f5ff1642d18bae44f0604b1a51ac74,CreamY_pool
0xda282767ab9179c23f8f1fe38f30b52c6ab36bf87c12cefad92205a55db710fb,CreamY_pool
0xda32072995d89cc22fb8deed26496f27e2f161be7fe76be57fea311244a99c0b,CreamY_pool
0xdb8d8cf42827c216b809b64996be2bd22a5619ad87e14d2b3629d49e6ed9092e,CreamY_pool
0xdbe99d5269c9f24f22238b490838f24f5a5eb916b5d65fbdf92ef6d6d455a151,CreamY_pool
0xdd3375281e80104b63d3df3989d98e9d0179ab21c27af982721edd87d8215145,CreamY_pool
0xde4d6493e96f19a605074c500dd8d679e16191628b329db091fa596fed789f76,CreamY_pool
0xdf129ca14348ac28c03abd0ea0c93636331e23cac0ba8623c3e43822e7a5339c,CreamY_pool
0xdf95eecab530e0c4a2b11a607bd455dbf6ed8fdd30565352f4166f6ed80729db,CreamY_pool
0xdfa9623dd89914b03f6f0f44c72f92c68ae725a6ee71d0a27750c82935f0a410,CreamY_pool
0xe16bdc38f80883b381ac804bf3ce8ec98b228bc9ae588278a43c901d70691895,CreamY_pool
0xe174fb4ac9251ac45dcf5ef0226439af09c4c73b8985651283a267923ccd608a,CreamY_pool
0xe1be99fed0cdfa8ff938b76e7b73c2ecaea7bc498d2c75ca7a762d8acebd9acc,CreamY_pool
0xe1d1d435523eb196afbf61eb7adf65d2683cd39fb9d228c6a661b29bbea6aaa5,CreamY_pool
0xe1f1982f3a39de6852cf62a13cca16c536e654ce3a6c3bea1a6be0855bbc9508,CreamY_pool
0xe1f391970e1c33789be57350680d5554650e4ec90b4caee0c694c15ff9f4b0b8,CreamY_pool
0xe23fa07acb186568a7f9bc3da5de02ffb0600821fa0d65e89a2ee114ded388fe,CreamY_pool
0xe2bf18194a3ce5f803d2b160e07929fe01dcbeaabc58996bdf468f97e170d63c,CreamY_pool
0xe2e72f26ef0da52d780e3ec19a3a30a29976be0ed122bdfcf22b267417191292,CreamY_pool
0xe2f08b328c807386887e222913be998309225a53f46847816b85a19ee1e0ab2e,CreamY_pool
0xe30dde3bdec3a16005ea407b2c05cee9ba964c8ef6b2d44f0b91d4349b8531de,CreamY_pool
0xe3555fd306b62282e67fc222091aa9fa61355f0d88d18bd323263ff726852ab0,CreamY_pool
0xe3569c2554795a4695545be44b95af2d44d95be6a6107ed5d457a872f50c6647,CreamY_pool
0xe37ea3bc57841c7960476741b023418cebad41dd8487faa6cca27646cff9a2fe,CreamY_pool
0xe3c2236825a10088638e1ac05a8a923b3d3a91e70231d44237885d89bee371eb,CreamY_pool
0xe3f3998102fa9d63fd9ff853e6a4b168a0daa7370e409e5264607cdc88b425b7,CreamY_pool
0xe43b40486152a851701bcc234062a94aac273dc693764e3233024e0b67947bd6,CreamY_pool
0xe4b1ed1cc73c6ab1460b556e2f3c1d8c4822ae6f9d90bfcfa70961747d456fa3,CreamY_pool
0xe4d5bd48c926f56fc25fe9a741aa2b137cd435ea621a98b837556f76493cd2f1,CreamY_pool
0xe4e7dfb37a9506dd944a9a726f216779b78f1956e07ce436a78b8ee248b1ef59,CreamY_pool
0xe4ecb9945b463a7dabc0553f9e4377714a470f2eb336dc11db545fc533863257,CreamY_pool
0xe501894ba864d6ac673fa61cb1ea385cac2e3c15aa96e9e89b69251e97428569,CreamY_pool
0xe603a6ca882ef75c08b094f767de7af47d16595b26ce88441a4d7f12937adf39,CreamY_pool
0xe6062ad76204461ee39e5ef6f2d009bdad4a60c65efdb6a57bd7ea7f82d3764e,CreamY_pool
0xe65838b40a3626baf15ac0f5a1a664c972a272d2a128d5010336675438945b8d,CreamY_pool
0xe74235b52f28b309f9aea9b45baf8599af05001a1253f89adb55a9639117d1bb,CreamY_pool
0xe746097852d81268eb8d48259dc59ef6fe86b3c1996412b8c27e00011d7241ed,CreamY_pool
0xe75b2d46ea9a0e341e1aa024ac4a69ff395bcd26047e6c98b7fadbcd893cd67f,CreamY_pool
0xe765f2ba6ced56f412c42a7f427c2da1b32021eb3bdc64f1f5b3d6decc2a7cdd,CreamY_pool
0xe772c40e6acc1e7c71772bd4ae32f1c6eb5f96f29988ee5a5d7753f244b1f453,CreamY_pool
0xe786ae4d4d14c4b4d563f576a88269d1d6395affe06c61442607943233ba92fe,CreamY_pool
0xe80681cbc52ca1ffed2edb17589fe61f20c1120e81deb3feee20b740d714a527,CreamY_pool
0xe80ff24019e2b75403c2d9fb6268b1a495b5623087a1c811b0cd9c6ec0454a58,CreamY_pool
0xe82b4df30c3038605961939564e8042440ab94e5f1d46ee8215a223dd803f95a,CreamY_pool
0xe8934270656fa6afacc3bbef26850a66190473af17c72a67965d0d0f4d7a88fe,CreamY_pool
0xea7c197400a454b297ad8519d9f707943dd7ca8817bb1aaad333b0df371bab04,CreamY_pool
0xea7e9f360ec67fcd6f2878dbf4edaadf7e94dc7a11a316092a70ded16062665d,CreamY_pool
0xea826ed3e13f036da7f236499803366f2fe860ed2c221dde6ca007d6f12e9dde,CreamY_pool
0xeaad6581892009974a9611226c6a209a8d8cc45604afacdb5f6c1918b6a60191,CreamY_pool
0xeabe873451e63a139ef17475e4cfff2394ed6b0ff512e17ad337cbb682b785d0,CreamY_pool
0xeb8e76c1a314b3a5990df0273fbfb069d7e17b42aa16144820ed1b7a3af49d7d,CreamY_pool
0xebb5d1e663a36b431f08e5ae3ad1dc92639dcb3759a1333de10255e1ae2fb856,CreamY_pool
0xebeb626729bb447cfa9e65806dd72f3282728d2e1afa0abd610512671e6ee342,CreamY_pool
0xec9e08cbdeb0572ca283537422bdd1c82a3331e4349a5456f240a892714ab185,CreamY_pool
0xeccb1423013ca3e35095fbaf269bb2c529fc21275f0f0c3ce370c0cf93e8deab,CreamY_pool
0xed710b0f8a7e84fe7a8e55a73debc1e270756134b5152b784d973415c859181a,CreamY_pool
0xedf854e63e4e2f20a5b9439b38791cc17e392a44bdf82d95d02d56ef6916b034,CreamY_pool
0xedfe2fb719ca85c52624d16cf0c40999db7a11fb9cf538cf6d61ecf294f1ddda,CreamY_pool
0xee3a42b74bc881243fb101848796b51cb1bb3f3982f3f2f343316fdeccce5465,CreamY_pool
0xeea033bb09b580d0b85c8b24d79ce4d8a0972c17ff34a5c77042bd206cc9c4d0,CreamY_pool
0xeecf9f6bbf48de38b135efb15b8c9be50553e8877a4963e587b099950c8bd64c,CreamY_pool
0xef014ee7fa72e886b48c0c372b471eafd21212e4021b2d67d3e813aafa182041,CreamY_pool
0xef3acf2f07e09924d4752c8904514c2ebfdb4e2f9981ec1e7c9a144c6f10f60a,CreamY_pool
0xef9c87207523c50f66f8a3fac63650b0694d452548cce31f480dd00e15dcf998,CreamY_pool
0xefb95ff928ef3996214a7a4970c605fa7d32816511b9cc5437126d2c386d54c4,CreamY_pool
0xf015977e46f94aa4a743133772cd786739e1d03cdc7cff205c9a41fdd87fe323,CreamY_pool
0xf05f40c119acd338d1c6fc5465da5cc73c003772efc1b34956b80a784e2eed3e,CreamY_pool
0xf0fda245ebfd9819c4fab7c3763d3019246a340dbda80e496d2be888cbcbb74d,CreamY_pool
0xf11df7692c9e1680c6168a887c1a93377cd7f150cfdf691e5fd35b44401932c1,CreamY_pool
0xf16ea37cf1067f445e5e9bd34d9d954e8722ad05082335e1b5586d65c970d3fa,CreamY_pool
0xf176a287355b880bf2f12a2a467e57c79f037bd59ff1aa0f117c27a9716b5533,CreamY_pool
0xf1b01d0e25755143ada8368aef1ff3519cc045533c4466ecbce2369c5ec078e4,CreamY_pool
0xf1b6ef7cf2c883da10125b5e5e024089208ab20fb8e5a6253a522949fb265a70,CreamY_pool
0xf1c5c2ed77b3d929289709e03fc6a8b39f9c6b3524f236f7852de646d10adc12,CreamY_pool
0xf2127019c03359f230837f7c8254968a07e2efa4bd057dc11bf7293e3b4096b6,CreamY_pool
0xf27b62ec69186b08f102e7008923330a243ee9aa3cd30a7df4762412dac621de,CreamY_pool
0xf298e33e7cd3a9b45a1a6075a7e5bfc34f3d16aaff59785352a38f7d9a0b4114,CreamY_pool
0xf2dcdd0a2ca05c77fd478bc268d6bbc0f4e0afbb97cb0ad28e0b33a08529e499,CreamY_pool
0xf301c68ff261652ab190910989f45d217fc307cb8dfb69555b4180298dd78a16,CreamY_pool
0xf35bd969bc453675026e4457b7011b0bd5f61e93020c6faee2ed6b4f3a9c1423,CreamY_pool
0xf3f142e97331d5eeb855f9b471f9056814b32256eb3d79d7d018c628de8d827b,CreamY_pool
0xf412d64b7c575493e03ecba8102711b25753d36ffdddd8e2670942cdd00f333c,CreamY_pool
0xf511c4e07df5e35e715db7695471832e6687ec0beef7fa73f754c0c68b9a4852,CreamY_pool
0xf570943d48db37d827e67163358cf66006684955a223ea304c9833f969690a4b,CreamY_pool
0xf61e035351a516a580c69a238bca90c9c3fbb036c6d0e73ef362de3b49af48c0,CreamY_pool
0xf63409a3b6cf3caf910795d9df2e7d346a1e082e5ea25da171b2fb8553d4d297,CreamY_pool
0xf66ccb7bc25a9e4f1ef23b041026d254f5d99e3b2ec8f381cdf848795a4bda54,CreamY_pool
0xf68d275d2d34909a3ab70e526c3eba9be36dc24149842609f7404dbd583a5031,CreamY_pool
0xf6bf275fd7fb2ea8e2c69aa7ad519052f4b828970c37966937f8a02d26b52b8d,CreamY_pool
0xf6c57c61abb201621074f0dc29a3e5f5555eb9e43d7d7a8e45d6d25fe86b22ef,CreamY_pool
0xf6dbe174e09be5708dc54bdab5cf8201cf6b3ed37e1c1d544a67523918e7e1ac,CreamY_pool
0xf70e5d2c13b29972d617004513c8e04a3d47312aeb62d8baf5235b7dbcd6248d,CreamY_pool
0xf798fa34e01cc73cef7a9dabc9304dda7c70db637f8a938043fae01884774de1,CreamY_pool
0xf801e91477a1da924e0c8974a1ecb003a399c04b85603e200c923e9cc356f35d,CreamY_pool
0xf81036086a0a2605cb96079276929d0a210cf0d1b46bc16be1c75d197c5504d7,CreamY_pool
0xf839928987c7d590309e51475a8cc9517ad91f9d7aff64a0883bf2f582230308,CreamY_pool
0xf8768a0ba040574bcc14abf4aff4bcec52523e1bdc0c599c75bfcdb3f7988753,CreamY_pool
0xf92b2de68e3d4a1d2f64c7523c60dfc0bef790d37012d72f0a3e2aac8426852b,CreamY_pool
0xf9e11f61b8e449d6366bb43c43ce6eca1a15ccff058d72f2a65f0c8277030c08,CreamY_pool
0xfa0c5038848a97e94ab5bc5e9aca4f79273aae52aac748240c1fde843079e7e2,CreamY_pool
0xfa172b2e09ae5ccc1e6b1e7b295cfd9ddb4b0468c290fc29d19b36be50bb49df,CreamY_pool
0xfa3cc452b94f8054a08c88db3cd15ee28cfe766d64ab1625d21280b3ac7a3df2,CreamY_pool
0xfa6ec55f1848d92bb16ab4df3b7e5f25cc4cd9f5ae02cab3fe87a2c358927efb,CreamY_pool
0xfb0a91464bb6b673866f5ef0a228f611cf3c8f5054167bf4edf327377e9d8cc1,CreamY_pool
0xfb3f78aa0fc9dce705d7ff5370954464a4b0e24b4eed628624e8dca0e419428f,CreamY_pool
0xfc00d4a1f2b35e47277725d94de1ec4b9be4c3e1fc7b2d4876c1df46cedc1394,CreamY_pool
0xfc4f9acbcd609fccbed5fdfd858a5fbd5b1fe5c0d9f293f915d8badb3af1fd64,CreamY_pool
0xfc95ccf26e11f774910d3b745419cc9b55fc6a6efe4c10d056629ae7b803b615,CreamY_pool
0xfce98768f77f0934b1264f1bd468e2976917c0e8cf9a5a20cd5b981a2e2494bd,CreamY_pool
0xfd4372a63f0762e161a2ba749e72d8502ad92e255bf593b49f760ceb4ef85b8b,CreamY_pool
0xfd62221cd7f002b535c53eebef841c4861e2612da96d19c960a4229a85250a37,CreamY_pool
0xfe1ddf9ea7f49e204039bdf499559eea7a92b24be57fcae9c957e53356be0ec7,CreamY_pool
0xfe610c7e63f043e91a12d6e9d7efa08ec1d4ded4425d91cedeb4f2df0243e946,CreamY_pool
0xff2bcf9f5e88dd4894e014cdf31a47ac6e37b7a4360755b63f3a704863db7a1b,CreamY_pool
0xffd20d76fc385d9ff30b24765a66d581a6f4a0d259492113f8b7ee23b4639d39,CreamY_pool
0xfff1e399dc4afcda54e0901d3de3b1b3cf07cccff897e21eeb39de70b6fbee9b,CreamY_pool
0xfff4b69c77b98659daa5fce0d641189a35439fea1e957acccab127cc06501283,CreamY_pool
